// Auto-generated by scripts/build_kernels.ps1 from matanyone_kernels.cu. Do not edit.
#pragma once
#include <cstdint>

static const uint8_t g_cubin_data[] = {
    0x50, 0xED, 0x55, 0xBA, 0x01, 0x00, 0x10, 0x00, 0x98, 0x55, 0x00, 0x00,
    0x00, 0x00, 0x00, 0x00, 0x01, 0x00, 0x01, 0x01, 0x50, 0x00, 0x00, 0x00,
    0xA0, 0x0B, 0x00, 0x00, 0x00, 0x00, 0x00, 0x00, 0x9D, 0x0B, 0x00, 0x00,
    0x40, 0x00, 0x00, 0x00, 0x02, 0x00, 0x09, 0x00, 0x56, 0x00, 0x00, 0x00,
    0x00, 0x00, 0x00, 0x00, 0x00, 0x00, 0x00, 0x00, 0x41, 0x80, 0x00, 0x00,
    0x00, 0x00, 0x00, 0x00, 0x00, 0x00, 0x00, 0x00, 0x00, 0x00, 0x00, 0x00,
    0x0E, 0x3B, 0x00, 0x00, 0x00, 0x00, 0x00, 0x00, 0x48, 0x00, 0x00, 0x00,
    0x00, 0x00, 0x00, 0x00, 0x00, 0x00, 0x00, 0x00, 0x00, 0x00, 0x00, 0x00,
    0x28, 0xB5, 0x2F, 0xFD, 0x60, 0x0E, 0x3A, 0x9D, 0x5C, 0x00, 0x0A, 0x49,
    0xF8, 0x0B, 0x28, 0x00, 0x6D, 0x88, 0xDA, 0x1C, 0x57, 0x11, 0xFF, 0x96,
    0x22, 0x52, 0xA3, 0xD8, 0x7F, 0x78, 0x78, 0xFB, 0x7F, 0xD7, 0xE2, 0xC9,
    0x71, 0x1C, 0x8C, 0x5B, 0xD9, 0xDD, 0x9B, 0x1B, 0x69, 0x08, 0x3B, 0x12,
    0x2A, 0xFD, 0xBF, 0x12, 0xD2, 0x42, 0x0E, 0xDE, 0x00, 0xAF, 0x00, 0x96,
    0x00, 0xA8, 0x94, 0x53, 0x45, 0x3C, 0xB0, 0xB1, 0x18, 0x8C, 0x46, 0x63,
    0x41, 0x00, 0xE6, 0x99, 0x1C, 0xCC, 0x29, 0x0A, 0x04, 0x4B, 0x62, 0x71,
    0x94, 0x69, 0xB2, 0x24, 0x16, 0x7B, 0x4A, 0x89, 0x1E, 0x1C, 0x4A, 0x15,
    0x51, 0x4B, 0x62, 0x71, 0xB3, 0x93, 0xF0, 0x33, 0x09, 0x36, 0x35, 0x94,
    0x33, 0x89, 0x38, 0xD0, 0xA3, 0x78, 0xAA, 0x87, 0x82, 0x69, 0x3A, 0x82,
    0x03, 0x41, 0x2A, 0x89, 0x82, 0x69, 0x38, 0x62, 0x02, 0xB1, 0x24, 0x16,
    0x7D, 0x4D, 0xE4, 0x71, 0x4C, 0x22, 0x0F, 0xCE, 0xA4, 0x72, 0x9E, 0x2A,
    0xE2, 0xA1, 0x9B, 0x8A, 0xCB, 0x9E, 0x87, 0xF6, 0x45, 0x03, 0x06, 0x4C,
    0xD3, 0xD0, 0xA4, 0x80, 0x22, 0x86, 0x0B, 0xD0, 0xA4, 0x60, 0x50, 0x0F,
    0x17, 0xA6, 0xCE, 0x05, 0x49, 0xC1, 0xDC, 0xA5, 0xBC, 0x05, 0x6A, 0x52,
    0x30, 0x6A, 0x8E, 0xC5, 0x81, 0x5D, 0xA0, 0x28, 0x18, 0x28, 0x9A, 0x28,
    0x0E, 0xF3, 0x10, 0x4D, 0xCE, 0x92, 0xA0, 0xB0, 0x24, 0x06, 0x2C, 0x09,
    0x4D, 0xFC, 0xD9, 0xBD, 0x59, 0x8D, 0x06, 0x6A, 0xC5, 0x61, 0x20, 0x9E,
    0xE9, 0xA1, 0x38, 0x4B, 0x42, 0x00, 0x04, 0x07, 0x0F, 0x49, 0xC3, 0xF1,
    0x30, 0x35, 0x26, 0x55, 0x63, 0x7A, 0x70, 0x30, 0x12, 0xA6, 0x4A, 0x12,
    0x39, 0x4C, 0x14, 0x71, 0x40, 0x28, 0x08, 0x2A, 0x13, 0x4D, 0x80, 0x50,
    0x0D, 0x8A, 0x8A, 0x26, 0x08, 0x7A, 0x9C, 0x25, 0xA1, 0xDC, 0x80, 0xA0,
    0x98, 0x2A, 0x7A, 0x98, 0x9E, 0xCA, 0x59, 0x12, 0xE7, 0x34, 0x23, 0x99,
    0x40, 0xA8, 0x29, 0x8A, 0x70, 0x96, 0x44, 0xD4, 0xBA, 0x66, 0x6A, 0xF7,
    0x7D, 0x67, 0xC7, 0xBB, 0x76, 0x79, 0x96, 0xEC, 0xBD, 0xCE, 0xDB, 0xAC,
    0x8B, 0x7A, 0xE4, 0x37, 0xE6, 0x1D, 0x9A, 0xC4, 0xF7, 0x40, 0x48, 0xB7,
    0x79, 0x9A, 0xF7, 0x75, 0x6F, 0xEE, 0xB3, 0x9E, 0x51, 0x6B, 0x7A, 0x9B,
    0x06, 0x1D, 0x1F, 0x13, 0xCF, 0xEE, 0xA8, 0x50, 0xD8, 0xCB, 0x05, 0x98,
    0xE6, 0x7B, 0x69, 0x26, 0x4D, 0x90, 0x09, 0x77, 0x67, 0xCB, 0x6A, 0xAB,
    0xD8, 0xA4, 0xD9, 0xCF, 0x24, 0x10, 0xE6, 0x08, 0xCF, 0x5A, 0xCC, 0xD0,
    0x95, 0x14, 0x4C, 0x04, 0x04, 0xCA, 0xFF, 0x8B, 0xE5, 0x70, 0x69, 0x49,
    0x87, 0xBC, 0x50, 0xFB, 0x0B, 0x97, 0x71, 0x8F, 0xE7, 0xFE, 0xF9, 0xDF,
    0xD4, 0x4B, 0xBB, 0x33, 0x3B, 0x6C, 0xC0, 0x15, 0xC5, 0x8B, 0x17, 0x33,
    0x2E, 0xAD, 0x5C, 0x47, 0xA5, 0xA4, 0x60, 0x24, 0xD3, 0xA9, 0x55, 0x9C,
    0x23, 0x60, 0x5C, 0x71, 0x1E, 0x92, 0xBC, 0x62, 0x93, 0x3F, 0xD3, 0x28,
    0x42, 0x4F, 0x03, 0x4B, 0x02, 0x22, 0xA9, 0x38, 0xCF, 0xE4, 0x50, 0xBE,
    0x88, 0x03, 0x2A, 0x15, 0x92, 0x3C, 0x89, 0xF8, 0x20, 0x82, 0x16, 0x82,
    0x9E, 0x25, 0xB1, 0x30, 0x8D, 0x20, 0x08, 0x04, 0x27, 0x52, 0x81, 0x48,
    0x3C, 0x14, 0x99, 0x67, 0x89, 0xD8, 0xA9, 0x79, 0x3C, 0xDC, 0xE3, 0x95,
    0xCB, 0x7B, 0x68, 0x6D, 0x86, 0x7D, 0x43, 0xCE, 0xD6, 0x4F, 0x3F, 0xEB,
    0x9F, 0x89, 0x86, 0x98, 0x47, 0xBC, 0x1F, 0x6D, 0xE1, 0x1E, 0xB1, 0xBB,
    0xAD, 0xF7, 0xCE, 0x34, 0x9F, 0x1C, 0xE8, 0xA2, 0x29, 0xAE, 0x26, 0x6A,
    0x2A, 0xAA, 0xA6, 0x66, 0x36, 0x26, 0xE2, 0x8F, 0xFA, 0xB3, 0xDF, 0xD9,
    0xDA, 0x6A, 0x7B, 0xAF, 0x26, 0xF2, 0xF5, 0x42, 0xD6, 0x5C, 0x7D, 0x22,
    0x7F, 0x21, 0x1B, 0x1E, 0xCF, 0xAE, 0xB6, 0xB8, 0x8F, 0xF3, 0xA6, 0x79,
    0xCB, 0xCE, 0x96, 0x9B, 0x37, 0x7F, 0x5F, 0x34, 0x78, 0xE6, 0xB6, 0x61,
    0xE2, 0xCF, 0xCE, 0x22, 0x24, 0x15, 0xAA, 0x68, 0x5A, 0x12, 0x06, 0xF0,
    0x8E, 0x76, 0xA9, 0x96, 0x8A, 0xBD, 0x72, 0xB9, 0x0D, 0x19, 0x91, 0x1B,
    0x79, 0x57, 0xF7, 0x14, 0x25, 0xE5, 0xC4, 0x55, 0x5E, 0x3D, 0x3C, 0xDA,
    0xDA, 0xD7, 0x6D, 0xE5, 0xED, 0x0D, 0xB9, 0x17, 0x66, 0xE3, 0x13, 0xCF,
    0x6E, 0x4C, 0xDD, 0x2D, 0xDD, 0xBB, 0xDA, 0x3B, 0x00, 0xBE, 0x4D, 0x83,
    0x55, 0xBC, 0xE1, 0x13, 0x7F, 0xC7, 0x8A, 0x77, 0xCD, 0x5D, 0x6A, 0x44,
    0xD5, 0x13, 0xA9, 0x40, 0x54, 0x1E, 0x8F, 0xE7, 0x7E, 0x7C, 0x46, 0xA0,
    0x8F, 0xDB, 0x6C, 0xE2, 0x0A, 0x64, 0x42, 0xAE, 0x3A, 0xEC, 0x71, 0xF9,
    0xBB, 0xC7, 0x4B, 0x4F, 0xC3, 0x3C, 0xEC, 0xDF, 0xAD, 0x31, 0x5D, 0xA6,
    0x78, 0x78, 0x5E, 0xCD, 0x9B, 0xBA, 0x9A, 0x8B, 0x7A, 0xFC, 0xEF, 0xEC,
    0x16, 0x0D, 0xD0, 0xEE, 0x16, 0x56, 0xF1, 0x67, 0xCD, 0xF4, 0xE0, 0x68,
    0x44, 0x15, 0x84, 0x9A, 0x50, 0x20, 0x26, 0x0F, 0xE3, 0xBB, 0x65, 0x05,
    0x88, 0xAC, 0xA0, 0xC1, 0xE1, 0xAB, 0x86, 0x6C, 0x98, 0xDA, 0x8A, 0xDB,
    0xC0, 0x90, 0x20, 0x81, 0x43, 0x43, 0x03, 0x23, 0xAF, 0x19, 0x0C, 0x0E,
    0x6F, 0x60, 0xB4, 0xE2, 0xB2, 0xF2, 0xF7, 0xF4, 0xD5, 0x43, 0x31, 0xAC,
    0x77, 0x33, 0xEC, 0x6D, 0xDA, 0xAE, 0x6D, 0x3C, 0xEE, 0x75, 0x06, 0xCE,
    0x5B, 0x09, 0xB2, 0x19, 0x6A, 0x0C, 0x57, 0xC5, 0xCE, 0xA5, 0xA8, 0xA6,
    0xD2, 0x51, 0x9F, 0x77, 0x5E, 0x53, 0x5D, 0xED, 0xA5, 0xB6, 0x52, 0x13,
    0xF3, 0x78, 0xED, 0xC5, 0x64, 0x5C, 0xFC, 0x7F, 0xEE, 0xE5, 0x5D, 0x01,
    0x84, 0xBE, 0xA8, 0xC3, 0xE6, 0x66, 0xD5, 0x88, 0x8C, 0x24, 0x05, 0xA9,
    0xD1, 0x1A, 0x53, 0x16, 0x40, 0x20, 0x40, 0x68, 0x1E, 0x18, 0xC9, 0x91,
    0x20, 0x3F, 0x13, 0x40, 0x87, 0x0A, 0xA9, 0x92, 0x40, 0x20, 0x48, 0x71,
    0x2C, 0x8A, 0x71, 0x1C, 0x07, 0x42, 0x06, 0x11, 0xC9, 0xC8, 0x48, 0x12,
    0x6D, 0x41, 0x52, 0x18, 0x0E, 0x20, 0x19, 0x79, 0xA2, 0xA0, 0x98, 0x2B,
    0x08, 0xE2, 0xD1, 0x47, 0xDF, 0x01, 0x33, 0x6A, 0x67, 0xBA, 0x4F, 0xD3,
    0x45, 0x5E, 0xD3, 0xA1, 0xA2, 0x93, 0x2F, 0xCF, 0x9F, 0x11, 0x05, 0x3E,
    0xBD, 0xEC, 0xEE, 0x22, 0xA2, 0x09, 0x11, 0xA9, 0xD7, 0x9F, 0xE0, 0x40,
    0x1D, 0x1F, 0x64, 0x62, 0x17, 0x55, 0xB5, 0xFA, 0xCB, 0xCF, 0x96, 0xA5,
    0xFC, 0x5F, 0x22, 0xB8, 0x33, 0xA3, 0x91, 0x9A, 0xFD, 0x96, 0xDF, 0x78,
    0x3F, 0x7D, 0x86, 0xD9, 0xDF, 0x0C, 0xE7, 0xA4, 0x36, 0x38, 0x3C, 0x1E,
    0x0E, 0x79, 0x1A, 0x9B, 0x20, 0x2E, 0x10, 0x08, 0x12, 0x04, 0x4E, 0x84,
    0xB0, 0x2B, 0x91, 0x21, 0x70, 0x63, 0xBC, 0xB5, 0xD0, 0x02, 0xE8, 0x45,
    0x77, 0xBB, 0x01, 0x94, 0x38, 0xD1, 0xA3, 0x95, 0xFF, 0x9B, 0x87, 0x2A,
    0x34, 0x61, 0xB1, 0xC7, 0x30, 0x00, 0x49, 0xC9, 0x88, 0xD5, 0xFD, 0x48,
    0xD4, 0xE4, 0x6A, 0x73, 0xA2, 0x15, 0xD2, 0xDF, 0x42, 0x1A, 0xBC, 0x11,
    0xD9, 0x5E, 0x97, 0x20, 0xBF, 0x44, 0xE8, 0x53, 0xF4, 0x42, 0xF3, 0xEF,
    0xF9, 0x93, 0x16, 0x45, 0x7B, 0xE6, 0x35, 0x43, 0x2E, 0x02, 0x25, 0xE6,
    0x1F, 0x11, 0x0D, 0x43, 0xE8, 0x7C, 0x5D, 0x44, 0xFE, 0xB9, 0x8B, 0xA2,
    0xBB, 0xE4, 0x06, 0xA7, 0x3E, 0xD4, 0xD0, 0xD2, 0x96, 0xFB, 0xEC, 0x43,
    0x20, 0x20, 0x3E, 0x3B, 0x10, 0xD2, 0xDD, 0x4C, 0x41, 0x51, 0xB6, 0x72,
    0x5F, 0xA9, 0x85, 0x89, 0x7E, 0x89, 0x6E, 0x64, 0xA5, 0xBE, 0x3F, 0x8A,
    0xD6, 0xE9, 0x96, 0xE3, 0xAD, 0x94, 0x8A, 0x26, 0xCE, 0xCB, 0xD1, 0x9C,
    0xB9, 0x36, 0x33, 0xFB, 0xCC, 0x16, 0x23, 0x22, 0x2B, 0x8D, 0xFB, 0x55,
    0x26, 0x2D, 0x3C, 0x71, 0x01, 0x8A, 0xA3, 0x69, 0x09, 0x7B, 0x5E, 0xDA,
    0xAB, 0x13, 0xBC, 0x5A, 0x0C, 0x49, 0x84, 0x62, 0xDC, 0x27, 0xC5, 0x31,
    0xBC, 0x16, 0x18, 0x02, 0x84, 0x44, 0xF6, 0x62, 0xBA, 0xDF, 0x05, 0x80,
    0x03, 0x8F, 0xE2, 0xCE, 0x42, 0x80, 0x70, 0x84, 0xD7, 0xF0, 0x30, 0x98,
    0x59, 0x41, 0x8A, 0x30, 0x1C, 0xE9, 0x10, 0x78, 0xD4, 0xEE, 0x5E, 0x90,
    0x1E, 0x38, 0x1B, 0x4E, 0x22, 0xB9, 0xE8, 0x93, 0x4B, 0x1C, 0xCA, 0xE2,
    0xEA, 0x06, 0xF4, 0x32, 0xC6, 0x72, 0x83, 0x59, 0x90, 0x32, 0x57, 0x3B,
    0x56, 0x2D, 0x72, 0x0A, 0xBF, 0xD4, 0x62, 0x58, 0x9C, 0x6B, 0xB7, 0xC7,
    0x91, 0xD6, 0x5B, 0x2B, 0x65, 0x97, 0x52, 0x3B, 0x2F, 0xC7, 0xC0, 0x9B,
    0x23, 0xFD, 0xA0, 0xCA, 0xD0, 0x8E, 0xC1, 0x39, 0x1E, 0x15, 0x85, 0x69,
    0xF3, 0x24, 0x83, 0xAF, 0x8B, 0xBF, 0xBA, 0x0D, 0x60, 0x69, 0xE7, 0x13,
    0x03, 0x9A, 0x7C, 0x13, 0xE4, 0x86, 0x9E, 0x29, 0x1B, 0x92, 0x86, 0x3D,
    0x1A, 0xE8, 0x8A, 0xA3, 0x8D, 0xDD, 0xB6, 0xC1, 0x82, 0x62, 0x34, 0x59,
    0xE3, 0xD1, 0x22, 0xB9, 0x1D, 0x4A, 0x2F, 0xAC, 0xD5, 0x15, 0xC5, 0x84,
    0x22, 0x8A, 0x5B, 0x26, 0x88, 0x0C, 0x60, 0xEF, 0xD1, 0xF7, 0x71, 0x99,
    0xF6, 0xD2, 0xEB, 0xFC, 0x30, 0x48, 0x84, 0x27, 0x4C, 0x23, 0x81, 0xD8,
    0x0E, 0xC7, 0x6E, 0x70, 0x50, 0x0C, 0x57, 0xFF, 0x3F, 0xE1, 0x25, 0x1E,
    0x6C, 0x29, 0x3E, 0x09, 0x9A, 0x30, 0xB6, 0xFD, 0x9D, 0x50, 0xCB, 0x85,
    0xB4, 0xDA, 0x64, 0x88, 0x98, 0xE9, 0x32, 0x29, 0x0E, 0xAF, 0x37, 0xB5,
    0xDF, 0xB0, 0xB5, 0x53, 0x36, 0xA8, 0x30, 0xEC, 0x6A, 0x4E, 0x5C, 0x16,
    0x62, 0xAD, 0x3D, 0x12, 0x67, 0xD0, 0xD5, 0x0C, 0x61, 0x2B, 0xC0, 0x2B,
    0x71, 0x02, 0xE0, 0x9B, 0xE4, 0x06, 0xDC, 0x84, 0x1D, 0x68, 0x31, 0xD8,
    0x3A, 0x20, 0x19, 0x5E, 0x7B, 0x88, 0xF3, 0x59, 0xE6, 0xBB, 0xAF, 0x98,
    0x38, 0x31, 0x05, 0xFC, 0x83, 0x28, 0x8B, 0xA0, 0xD7, 0x17, 0x35, 0x57,
    0x8B, 0xB4, 0x82, 0x18, 0xC5, 0xFF, 0xA7, 0x70, 0x99, 0xAC, 0xE7, 0x79,
    0x12, 0xB1, 0x8A, 0x8C, 0x85, 0x8E, 0x0C, 0x88, 0xA4, 0x48, 0x52, 0x0D,
    0x5A, 0xDF, 0xEA, 0x23, 0x48, 0x3A, 0x21, 0x4D, 0xCC, 0x03, 0x3E, 0x1D,
    0x00, 0xC1, 0x5A, 0xA1, 0xA0, 0x82, 0x8E, 0x89, 0xB1, 0x08, 0xCE, 0x5B,
    0x04, 0x1C, 0x66, 0x5F, 0x62, 0x70, 0x88, 0xE5, 0x0C, 0x1B, 0xC6, 0x46,
    0x26, 0x08, 0x97, 0x66, 0x59, 0x97, 0x76, 0xFB, 0x81, 0xC9, 0x3F, 0x21,
    0x98, 0x72, 0x20, 0x5E, 0x9A, 0x15, 0xD8, 0xCC, 0x9A, 0x20, 0xE3, 0x00,
    0xFD, 0xD1, 0x69, 0xD3, 0x2F, 0x27, 0x17, 0x17, 0x9F, 0xCC, 0xFB, 0xE5,
    0x9A, 0x55, 0xF0, 0x2C, 0x51, 0x46, 0xA4, 0x78, 0x41, 0x57, 0xCF, 0x95,
    0x7D, 0xC7, 0x09, 0x1D, 0xAF, 0xDA, 0x24, 0x84, 0x2C, 0x96, 0x22, 0xD6,
    0x0C, 0xAA, 0x80, 0xB1, 0x66, 0x2D, 0xA9, 0x50, 0xD4, 0x15, 0xCC, 0x91,
    0x91, 0x99, 0x7B, 0x72, 0x73, 0xFC, 0x9A, 0xAF, 0x60, 0xEA, 0x65, 0x32,
    0x23, 0x94, 0xEA, 0x8B, 0x91, 0x9C, 0x69, 0x95, 0xF8, 0x43, 0x12, 0x65,
    0xB7, 0x15, 0x33, 0xF4, 0x18, 0x29, 0x04, 0x3C, 0xAD, 0x7B, 0x25, 0x34,
    0x51, 0x67, 0xF5, 0x24, 0x22, 0xB3, 0xFF, 0x2C, 0xAC, 0x9B, 0xEB, 0x1E,
    0xEA, 0x72, 0x73, 0x0E, 0x62, 0x32, 0x99, 0x26, 0xB9, 0xA3, 0xF2, 0xC0,
    0x53, 0x90, 0xE6, 0x6C, 0x38, 0x35, 0x9C, 0xFC, 0xAF, 0xF7, 0x9D, 0x68,
    0xF8, 0xC3, 0xCB, 0xB4, 0x8E, 0x8A, 0xF2, 0x6B, 0x83, 0xF1, 0x31, 0xC5,
    0xF6, 0x39, 0x16, 0xB6, 0x8B, 0xF6, 0xBC, 0xB0, 0x36, 0x28, 0x43, 0x34,
    0x9A, 0x26, 0x4C, 0x8D, 0xD1, 0x06, 0x86, 0x23, 0xE8, 0x88, 0x80, 0x0F,
    0xCE, 0x88, 0x25, 0xDB, 0xD0, 0x79, 0x70, 0x15, 0x75, 0xB3, 0x0A, 0xA8,
    0xC6, 0xD0, 0x67, 0xF6, 0x08, 0x17, 0x59, 0x88, 0x26, 0xB8, 0xF3, 0x51,
    0x9E, 0x69, 0x46, 0x8E, 0x9F, 0xE5, 0x2D, 0x91, 0x39, 0xD9, 0xE2, 0xA5,
    0xA0, 0x98, 0x0B, 0x45, 0x9B, 0xF5, 0x37, 0xE7, 0x86, 0x0F, 0x3A, 0x5C,
    0xCE, 0xE8, 0x7E, 0xFD, 0x8C, 0x86, 0x37, 0xFC, 0xFF, 0x60, 0xC3, 0x8B,
    0xD1, 0xBC, 0x45, 0xDE, 0x99, 0x87, 0xFA, 0xA2, 0xBB, 0xE4, 0xDD, 0x1D,
    0xF2, 0x15, 0xD1, 0x81, 0xC2, 0x2F, 0x9F, 0x54, 0x48, 0x88, 0x29, 0x29,
    0xEE, 0x96, 0x85, 0xC7, 0xB0, 0xBA, 0x80, 0xC4, 0x11, 0x93, 0x8F, 0xF6,
    0xFA, 0xAF, 0xA3, 0x2B, 0x16, 0x92, 0x39, 0x65, 0xD7, 0xA8, 0x06, 0x5C,
    0xF6, 0x0C, 0x6F, 0x80, 0x5B, 0x44, 0x1B, 0x9E, 0x01, 0x49, 0xE8, 0x8F,
    0x05, 0x50, 0xB0, 0xF9, 0x7F, 0x81, 0x45, 0x2B, 0x01, 0xE3, 0x18, 0xB9,
    0x4F, 0x3D, 0xFF, 0xAA, 0xB3, 0x19, 0xE2, 0xFA, 0x01, 0x4D, 0x6E, 0x22,
    0x55, 0x7D, 0x94, 0xBE, 0x62, 0x64, 0x0A, 0xAD, 0xA8, 0xFA, 0x09, 0x2F,
    0x32, 0x52, 0x58, 0xEF, 0x80, 0x64, 0x5E, 0x03, 0x96, 0x23, 0x40, 0x59,
    0x19, 0x52, 0x18, 0x42, 0xD3, 0x8A, 0x08, 0xCE, 0xFA, 0x3C, 0x05, 0x60,
    0x0F, 0xC3, 0xCF, 0x6C, 0xC5, 0xF4, 0x50, 0x58, 0x03, 0x3B, 0x5A, 0x58,
    0x77, 0x08, 0x20, 0xA4, 0x23, 0xFB, 0xAB, 0x7F, 0x82, 0xF4, 0x34, 0x66,
    0x87, 0x08, 0x22, 0x7C, 0x7A, 0x3E, 0xD1, 0x6B, 0x21, 0x19, 0xF3, 0xA1,
    0x73, 0xA9, 0xB9, 0x02, 0x08, 0xE6, 0xE1, 0x92, 0x38, 0x7B, 0xF4, 0x26,
    0x15, 0xF8, 0xB9, 0x16, 0x63, 0xE1, 0x40, 0x93, 0x17, 0x85, 0xCC, 0x72,
    0x30, 0x02, 0xA7, 0xEF, 0xA9, 0x66, 0x81, 0xED, 0x65, 0xD5, 0x9D, 0x72,
    0x07, 0x0C, 0x53, 0xB6, 0x10, 0xCA, 0xA8, 0x3D, 0x3C, 0xBF, 0x74, 0x82,
    0x3A, 0xBA, 0x57, 0xB9, 0x6C, 0x74, 0xE9, 0x37, 0x51, 0xF7, 0x27, 0xCE,
    0xB6, 0x80, 0x55, 0x9E, 0x32, 0xE4, 0x54, 0x9B, 0xD9, 0xB4, 0x68, 0x51,
    0x5E, 0x9D, 0x41, 0xDD, 0x7C, 0x74, 0x71, 0x56, 0xC3, 0x31, 0x32, 0x2B,
    0x8A, 0x25, 0xDC, 0xB3, 0x73, 0x96, 0x05, 0xFD, 0x13, 0xAC, 0x96, 0x09,
    0xA6, 0x61, 0x7E, 0x09, 0x93, 0x51, 0x55, 0xDC, 0x6A, 0xB8, 0x3B, 0x9B,
    0x50, 0x35, 0x9A, 0x4F, 0xAC, 0x3B, 0x6C, 0x44, 0xAA, 0x13, 0xAE, 0xD5,
    0xE8, 0xB4, 0x27, 0x24, 0x05, 0x16, 0xE6, 0x9C, 0xE7, 0x04, 0xE5, 0xFE,
    0x34, 0xC8, 0xC9, 0xD6, 0xAB, 0x1C, 0x01, 0x48, 0x33, 0xDA, 0x6F, 0x07,
    0x00, 0x1E, 0xD8, 0xE7, 0x08, 0x47, 0x74, 0x0C, 0x88, 0x43, 0xA5, 0x59,
    0x41, 0x3B, 0x02, 0x31, 0x03, 0xE7, 0x6C, 0x5E, 0x69, 0x4B, 0x2F, 0x28,
    0xC6, 0x58, 0xE9, 0xE3, 0x88, 0xD9, 0xA8, 0xDA, 0x90, 0x1B, 0xC2, 0xE0,
    0xC4, 0x1C, 0xDD, 0xC2, 0x25, 0x9B, 0x51, 0x57, 0xE7, 0xBA, 0x55, 0xA0,
    0xC4, 0xC8, 0xF9, 0x5A, 0xB6, 0xC6, 0x52, 0x0F, 0x60, 0x86, 0x21, 0x2A,
    0xD3, 0x67, 0xAB, 0xD9, 0x60, 0xDA, 0x0A, 0x9D, 0xA3, 0xA4, 0x24, 0x39,
    0x22, 0x46, 0x55, 0xC4, 0x6E, 0x7D, 0x67, 0x91, 0x58, 0xCD, 0xBC, 0xBB,
    0xF7, 0xF7, 0x2D, 0x03, 0x62, 0x82, 0x4B, 0xEE, 0x85, 0xBB, 0x63, 0x1A,
    0xF5, 0x8B, 0x10, 0x58, 0xAF, 0x5F, 0xC9, 0x83, 0x9C, 0x17, 0x32, 0x78,
    0x98, 0xB8, 0x16, 0x3A, 0x3A, 0xDC, 0xD3, 0xB1, 0x8B, 0x52, 0xCD, 0x06,
    0x96, 0x42, 0x87, 0xA9, 0x83, 0x38, 0xD1, 0xC7, 0x76, 0x2E, 0x3B, 0x4E,
    0x97, 0x1E, 0x43, 0x0F, 0xBD, 0xE8, 0x2A, 0x3B, 0x43, 0xD3, 0x63, 0x00,
    0x5E, 0x56, 0x2D, 0x23, 0xAD, 0x32, 0xFF, 0x28, 0xD6, 0xBD, 0x59, 0xE8,
    0x26, 0xF6, 0x5C, 0x3E, 0x63, 0xD1, 0xBF, 0x6D, 0x74, 0x10, 0x0B, 0xDF,
    0x63, 0xF4, 0xF2, 0x2B, 0x0B, 0xB9, 0x76, 0x80, 0x64, 0x82, 0xF6, 0x34,
    0x0C, 0x83, 0x24, 0x56, 0x03, 0x3C, 0xA4, 0xE1, 0xC0, 0xFB, 0x14, 0x5A,
    0xC2, 0xC1, 0xA6, 0xA6, 0xD2, 0xFA, 0xB3, 0x0F, 0xBB, 0x2C, 0x9B, 0x29,
    0x21, 0x1B, 0xF8, 0xBF, 0xE2, 0x9C, 0xD9, 0x9A, 0x04, 0x95, 0x82, 0x78,
    0x39, 0xBD, 0xA4, 0xA9, 0xCC, 0x3B, 0x4C, 0x2D, 0x9C, 0x25, 0x9D, 0x12,
    0x1B, 0x73, 0x38, 0x14, 0x2B, 0xCA, 0xF3, 0x1A, 0x48, 0x8B, 0x54, 0xAA,
    0xD3, 0x57, 0x45, 0xF9, 0x43, 0xD3, 0x14, 0x15, 0x37, 0x0A, 0x3C, 0xD5,
    0x10, 0xC8, 0x8E, 0xF1, 0xCD, 0x11, 0x4B, 0x8F, 0x68, 0xC1, 0x1D, 0x0C,
    0x99, 0x61, 0xA3, 0x06, 0xCF, 0x3A, 0xC3, 0x92, 0x19, 0x33, 0x95, 0x30,
    0xCF, 0xE9, 0x64, 0x5B, 0x41, 0x10, 0x8B, 0x40, 0xAD, 0x51, 0x2E, 0x87,
    0xF0, 0xBD, 0x1C, 0xB9, 0x1E, 0x6C, 0x7E, 0x05, 0x48, 0x93, 0x90, 0xB9,
    0x5F, 0xA2, 0x03, 0x2F, 0x09, 0x52, 0x4B, 0x90, 0xF3, 0xB3, 0x49, 0x30,
    0x15, 0x76, 0x8C, 0x84, 0x3A, 0x6C, 0x45, 0x9C, 0xC5, 0x23, 0xEC, 0x4E,
    0x4B, 0xC4, 0x8C, 0xC2, 0x4C, 0x1F, 0xB6, 0xB3, 0xBF, 0xB1, 0x3E, 0x51,
    0x47, 0x8D, 0x82, 0x38, 0x59, 0x0A, 0x0C, 0x22, 0x92, 0xEB, 0x56, 0x52,
    0x4C, 0x2E, 0xB3, 0x37, 0x8E, 0x54, 0x68, 0x3C, 0x9A, 0xD0, 0xF3, 0x33,
    0x3E, 0x94, 0x30, 0x85, 0x46, 0x0C, 0x2F, 0xE1, 0xD9, 0x5C, 0x33, 0x85,
    0x5C, 0x6A, 0x26, 0xF7, 0x90, 0x4E, 0x1B, 0xF6, 0x4E, 0x36, 0xD5, 0x30,
    0x01, 0xFE, 0x97, 0x20, 0x7F, 0xE4, 0xD5, 0x03, 0xCC, 0x93, 0x6E, 0xC5,
    0xA7, 0xE6, 0x94, 0x98, 0x96, 0xEE, 0xD0, 0x69, 0xFB, 0xA7, 0x14, 0x5D,
    0x6C, 0x64, 0xFC, 0x2F, 0xEC, 0xC9, 0xD5, 0x02, 0xE3, 0xE5, 0x98, 0xB8,
    0x3C, 0x0D, 0x6B, 0xB1, 0x3A, 0x49, 0xA4, 0xD3, 0x41, 0x03, 0x4E, 0x86,
    0x86, 0xAB, 0x2B, 0xDC, 0xA8, 0x89, 0x8E, 0xEF, 0x8B, 0x54, 0xCB, 0x24,
    0x35, 0xC1, 0x96, 0xD5, 0xA7, 0x3D, 0x47, 0x08, 0x68, 0xFD, 0xEF, 0xE3,
    0xFC, 0x6B, 0xEA, 0x40, 0xAB, 0x2B, 0x0B, 0x13, 0x72, 0x29, 0xAC, 0xD1,
    0xE3, 0xE6, 0x5A, 0xEC, 0x6C, 0x6A, 0x30, 0xB7, 0x8E, 0xC0, 0x44, 0xDC,
    0x83, 0xEC, 0x8A, 0x4E, 0x8C, 0x1E, 0x98, 0x6E, 0xE4, 0x9B, 0xCB, 0xAB,
    0x97, 0xB2, 0xBC, 0x88, 0xA0, 0x58, 0x5A, 0x1F, 0x7A, 0xE2, 0xF4, 0xC0,
    0x61, 0x50, 0x0D, 0xB8, 0x0F, 0x7A, 0x44, 0x01, 0x0E, 0xC6, 0x78, 0x1B,
    0x19, 0xFC, 0x9B, 0x01, 0x39, 0xD9, 0x9D, 0x66, 0x96, 0x62, 0x4B, 0x01,
    0xE0, 0x13, 0x9A, 0x31, 0x73, 0x18, 0xE4, 0x98, 0x72, 0xD7, 0xA9, 0x01,
    0xCE, 0x28, 0x49, 0x02, 0xBB, 0xF5, 0xB8, 0xF4, 0xF9, 0xB7, 0x74, 0xB3,
    0x96, 0xC3, 0x11, 0xD9, 0x6B, 0x9A, 0x60, 0xA1, 0xB6, 0xC1, 0x5C, 0x1E,
    0xDD, 0x30, 0xC8, 0x6D, 0x7A, 0x02, 0xA4, 0x1A, 0xC7, 0xE8, 0x08, 0x93,
    0x2C, 0xCD, 0x43, 0xF8, 0xE9, 0x49, 0xC6, 0xB2, 0xF8, 0x5F, 0x23, 0x2E,
    0x65, 0x20, 0xB7, 0x36, 0xE4, 0xD8, 0x9D, 0xDB, 0xE1, 0x24, 0x99, 0xD0,
    0x0D, 0x73, 0xBE, 0x0D, 0xD4, 0x33, 0xEF, 0xC7, 0x8A, 0x85, 0x91, 0x39,
    0xCF, 0x48, 0x11, 0xC4, 0xC4, 0x68, 0x6B, 0x0B, 0xEC, 0xC4, 0x11, 0x9B,
    0xEB, 0x5C, 0x02, 0x0D, 0x6A, 0x02, 0x0F, 0x9B, 0x54, 0x33, 0x9D, 0x2C,
    0x91, 0x9F, 0xA0, 0x3C, 0x06, 0x8D, 0x4F, 0xA1, 0xD8, 0x31, 0xD8, 0x2B,
    0x62, 0x44, 0x6A, 0x40, 0x14, 0xC3, 0x9F, 0x50, 0x9C, 0xA4, 0xF1, 0xED,
    0x43, 0x80, 0x3A, 0x19, 0xA9, 0xE9, 0xAF, 0x80, 0x01, 0x7E, 0x16, 0x4D,
    0xCF, 0x7B, 0x1A, 0x7C, 0x81, 0xE1, 0xB0, 0xB7, 0xB2, 0xBB, 0x31, 0x3A,
    0xEE, 0xCC, 0xC3, 0x2C, 0x4D, 0xE9, 0xC5, 0xF4, 0x46, 0xC2, 0xD3, 0x8E,
    0x57, 0x3E, 0x20, 0x00, 0x26, 0xF1, 0x0D, 0xC4, 0x0F, 0x8D, 0x1E, 0x50,
    0x55, 0xDE, 0x0C, 0xEB, 0xB4, 0x7C, 0xB0, 0x97, 0x89, 0xB4, 0x77, 0x2E,
    0x6A, 0xFF, 0xB0, 0x97, 0xDE, 0xA6, 0x8C, 0x8F, 0x53, 0x31, 0x38, 0xE6,
    0x16, 0xA8, 0xDB, 0x3A, 0xD0, 0x01, 0xE5, 0xF4, 0x48, 0xAB, 0x6D, 0xED,
    0xE6, 0x32, 0xA6, 0xA3, 0x56, 0x2A, 0x83, 0xE4, 0x37, 0xCF, 0xE7, 0xB9,
    0xF9, 0x28, 0x4C, 0x11, 0x28, 0x2C, 0x44, 0x7B, 0x42, 0xF5, 0x2D, 0xB1,
    0xAE, 0x49, 0x68, 0xF5, 0x06, 0x1A, 0xCB, 0xF1, 0x33, 0x09, 0x06, 0x8C,
    0x38, 0x87, 0x9F, 0x5C, 0x01, 0x96, 0x08, 0x04, 0xDB, 0x4F, 0xE6, 0x4D,
    0x4E, 0xCE, 0x16, 0x1C, 0x61, 0x95, 0x60, 0x58, 0x54, 0xAC, 0x64, 0x68,
    0x46, 0x9C, 0xF0, 0xE4, 0xEC, 0xE5, 0x19, 0xFF, 0x4F, 0x59, 0xCE, 0xE6,
    0xE1, 0xB7, 0xFE, 0xBA, 0xD8, 0x33, 0x95, 0xEE, 0x0F, 0x09, 0xF4, 0xD3,
    0xF4, 0x4E, 0x5B, 0xE4, 0xDB, 0x91, 0x30, 0xBD, 0x47, 0xE5, 0x5E, 0x8C,
    0xC4, 0xAD, 0x89, 0xCF, 0x51, 0x11, 0x36, 0x28, 0xCD, 0x57, 0x35, 0xEB,
    0xF3, 0x2B, 0x4F, 0x5A, 0xD3, 0xDD, 0x7D, 0x14, 0xE0, 0xC6, 0x5B, 0x60,
    0x69, 0xD4, 0x52, 0x44, 0xAA, 0x89, 0xB3, 0x48, 0x6E, 0x03, 0xA9, 0x66,
    0xA2, 0xA4, 0xB7, 0xE6, 0x99, 0x6E, 0x2B, 0x87, 0x5F, 0x34, 0x31, 0x9B,
    0x4F, 0xA4, 0x89, 0xFB, 0xD5, 0x6B, 0xA3, 0x6F, 0x78, 0x9C, 0xC0, 0xC3,
    0x2D, 0x1F, 0x1E, 0x5B, 0xC2, 0x5C, 0x49, 0xCB, 0xB1, 0x3B, 0x64, 0x87,
    0xC3, 0xB2, 0xA3, 0xBE, 0xEE, 0xB2, 0xED, 0x15, 0xB5, 0xD6, 0x5C, 0x3B,
    0xDB, 0x5A, 0xF6, 0x52, 0x9F, 0x97, 0x29, 0x78, 0x65, 0x20, 0xAA, 0x01,
    0x8B, 0xB6, 0x47, 0x2E, 0x59, 0x6C, 0xD8, 0x3D, 0x2B, 0x9C, 0x74, 0x24,
    0x22, 0xE4, 0x45, 0x84, 0x22, 0xCF, 0x34, 0xE2, 0x05, 0xC3, 0x44, 0x20,
    0x4B, 0x2A, 0xD9, 0x38, 0x00, 0xE7, 0x5E, 0x7A, 0xF4, 0xFF, 0x95, 0x07,
    0xFF, 0xA8, 0xB0, 0xFD, 0x58, 0x11, 0xCE, 0x81, 0xA6, 0xD6, 0x8C, 0x77,
    0x55, 0xC7, 0xD1, 0x2F, 0xCC, 0x45, 0x4D, 0x5A, 0x2D, 0x12, 0xFA, 0x26,
    0x02, 0x2A, 0x2C, 0x00, 0x7D, 0x99, 0x99, 0xA0, 0xF6, 0xEA, 0x23, 0x0B,
    0x5A, 0xBA, 0x8A, 0xA3, 0xBA, 0x93, 0x65, 0xA5, 0x08, 0x00, 0x00, 0x00,
    0x02, 0x00, 0x01, 0x01, 0x40, 0x00, 0x00, 0x00, 0x68, 0x49, 0x00, 0x00,
    0x00, 0x00, 0x00, 0x00, 0x00, 0x00, 0x00, 0x00, 0x00, 0x00, 0x00, 0x00,
    0x08, 0x00, 0x01, 0x00, 0x56, 0x00, 0x00, 0x00, 0x00, 0x00, 0x00, 0x00,
    0x00, 0x00, 0x00, 0x00, 0x41, 0x00, 0x00, 0x00, 0x00, 0x00, 0x00, 0x00,
    0x00, 0x00, 0x00, 0x00, 0x00, 0x00, 0x00, 0x00, 0x00, 0x00, 0x00, 0x00,
    0x00, 0x00, 0x00, 0x00, 0x7F, 0x45, 0x4C, 0x46, 0x02, 0x01, 0x01, 0x41,
    0x08, 0x00, 0x00, 0x00, 0x00, 0x00, 0x00, 0x00, 0x02, 0x00, 0xBE, 0x00,
    0x01, 0x00, 0x00, 0x00, 0x00, 0x00, 0x00, 0x00, 0x00, 0x00, 0x00, 0x00,
    0xC0, 0x48, 0x00, 0x00, 0x00, 0x00, 0x00, 0x00, 0x00, 0x43, 0x00, 0x00,
    0x00, 0x00, 0x00, 0x00, 0x04, 0x56, 0x00, 0x06, 0x40, 0x00, 0x38, 0x00,
    0x03, 0x00, 0x40, 0x00, 0x17, 0x00, 0x01, 0x00, 0x00, 0x2E, 0x73, 0x68,
    0x73, 0x74, 0x72, 0x74, 0x61, 0x62, 0x00, 0x2E, 0x73, 0x74, 0x72, 0x74,
    0x61, 0x62, 0x00, 0x2E, 0x73, 0x79, 0x6D, 0x74, 0x61, 0x62, 0x00, 0x2E,
    0x73, 0x79, 0x6D, 0x74, 0x61, 0x62, 0x5F, 0x73, 0x68, 0x6E, 0x64, 0x78,
    0x00, 0x2E, 0x6E, 0x6F, 0x74, 0x65, 0x2E, 0x6E, 0x76, 0x2E, 0x74, 0x6B,
    0x69, 0x6E, 0x66, 0x6F, 0x00, 0x2E, 0x6E, 0x6F, 0x74, 0x65, 0x2E, 0x6E,
    0x76, 0x2E, 0x63, 0x75, 0x69, 0x6E, 0x66, 0x6F, 0x00, 0x2E, 0x6E, 0x76,
    0x2E, 0x69, 0x6E, 0x66, 0x6F, 0x00, 0x2E, 0x74, 0x65, 0x78, 0x74, 0x2E,
    0x61, 0x63, 0x63, 0x75, 0x6D, 0x75, 0x6C, 0x61, 0x74, 0x65, 0x5F, 0x66,
    0x33, 0x32, 0x00, 0x2E, 0x6E, 0x76, 0x2E, 0x69, 0x6E, 0x66, 0x6F, 0x2E,
    0x61, 0x63, 0x63, 0x75, 0x6D, 0x75, 0x6C, 0x61, 0x74, 0x65, 0x5F, 0x66,
    0x33, 0x32, 0x00, 0x2E, 0x6E, 0x76, 0x2E, 0x73, 0x68, 0x61, 0x72, 0x65,
    0x64, 0x2E, 0x61, 0x63, 0x63, 0x75, 0x6D, 0x75, 0x6C, 0x61, 0x74, 0x65,
    0x5F, 0x66, 0x33, 0x32, 0x00, 0x2E, 0x6E, 0x76, 0x2E, 0x63, 0x6F, 0x6E,
    0x73, 0x74, 0x61, 0x6E, 0x74, 0x30, 0x2E, 0x61, 0x63, 0x63, 0x75, 0x6D,
    0x75, 0x6C, 0x61, 0x74, 0x65, 0x5F, 0x66, 0x33, 0x32, 0x00, 0x2E, 0x72,
    0x65, 0x6C, 0x2E, 0x6E, 0x76, 0x2E, 0x63, 0x6F, 0x6E, 0x73, 0x74, 0x61,
    0x6E, 0x74, 0x30, 0x2E, 0x61, 0x63, 0x63, 0x75, 0x6D, 0x75, 0x6C, 0x61,
    0x74, 0x65, 0x5F, 0x66, 0x33, 0x32, 0x00, 0x2E, 0x74, 0x65, 0x78, 0x74,
    0x2E, 0x63, 0x6F, 0x6D, 0x70, 0x6F, 0x73, 0x69, 0x74, 0x65, 0x5F, 0x62,
    0x67, 0x72, 0x00, 0x2E, 0x6E, 0x76, 0x2E, 0x69, 0x6E, 0x66, 0x6F, 0x2E,
    0x63, 0x6F, 0x6D, 0x70, 0x6F, 0x73, 0x69, 0x74, 0x65, 0x5F, 0x62, 0x67,
    0x72, 0x00, 0x2E, 0x6E, 0x76, 0x2E, 0x73, 0x68, 0x61, 0x72, 0x65, 0x64,
    0x2E, 0x63, 0x6F, 0x6D, 0x70, 0x6F, 0x73, 0x69, 0x74, 0x65, 0x5F, 0x62,
    0x67, 0x72, 0x00, 0x2E, 0x6E, 0x76, 0x2E, 0x63, 0x6F, 0x6E, 0x73, 0x74,
    0x61, 0x6E, 0x74, 0x30, 0x2E, 0x63, 0x6F, 0x6D, 0x70, 0x6F, 0x73, 0x69,
    0x74, 0x65, 0x5F, 0x62, 0x67, 0x72, 0x00, 0x2E, 0x72, 0x65, 0x6C, 0x2E,
    0x6E, 0x76, 0x2E, 0x63, 0x6F, 0x6E, 0x73, 0x74, 0x61, 0x6E, 0x74, 0x30,
    0x2E, 0x63, 0x6F, 0x6D, 0x70, 0x6F, 0x73, 0x69, 0x74, 0x65, 0x5F, 0x62,
    0x67, 0x72, 0x00, 0x2E, 0x74, 0x65, 0x78, 0x74, 0x2E, 0x6E, 0x76, 0x31,
    0x32, 0x5F, 0x74, 0x6F, 0x5F, 0x72, 0x67, 0x62, 0x5F, 0x6E, 0x63, 0x68,
    0x77, 0x00, 0x2E, 0x6E, 0x76, 0x2E, 0x69, 0x6E, 0x66, 0x6F, 0x2E, 0x6E,
    0x76, 0x31, 0x32, 0x5F, 0x74, 0x6F, 0x5F, 0x72, 0x67, 0x62, 0x5F, 0x6E,
    0x63, 0x68, 0x77, 0x00, 0x2E, 0x6E, 0x76, 0x2E, 0x73, 0x68, 0x61, 0x72,
    0x65, 0x64, 0x2E, 0x6E, 0x76, 0x31, 0x32, 0x5F, 0x74, 0x6F, 0x5F, 0x72,
    0x67, 0x62, 0x5F, 0x6E, 0x63, 0x68, 0x77, 0x00, 0x2E, 0x6E, 0x76, 0x2E,
    0x63, 0x6F, 0x6E, 0x73, 0x74, 0x61, 0x6E, 0x74, 0x30, 0x2E, 0x6E, 0x76,
    0x31, 0x32, 0x5F, 0x74, 0x6F, 0x5F, 0x72, 0x67, 0x62, 0x5F, 0x6E, 0x63,
    0x68, 0x77, 0x00, 0x2E, 0x72, 0x65, 0x6C, 0x2E, 0x6E, 0x76, 0x2E, 0x63,
    0x6F, 0x6E, 0x73, 0x74, 0x61, 0x6E, 0x74, 0x30, 0x2E, 0x6E, 0x76, 0x31,
    0x32, 0x5F, 0x74, 0x6F, 0x5F, 0x72, 0x67, 0x62, 0x5F, 0x6E, 0x63, 0x68,
    0x77, 0x00, 0x2E, 0x74, 0x65, 0x78, 0x74, 0x2E, 0x62, 0x67, 0x72, 0x5F,
    0x74, 0x6F, 0x5F, 0x72, 0x67, 0x62, 0x5F, 0x6E, 0x63, 0x68, 0x77, 0x00,
    0x2E, 0x6E, 0x76, 0x2E, 0x69, 0x6E, 0x66, 0x6F, 0x2E, 0x62, 0x67, 0x72,
    0x5F, 0x74, 0x6F, 0x5F, 0x72, 0x67, 0x62, 0x5F, 0x6E, 0x63, 0x68, 0x77,
    0x00, 0x2E, 0x6E, 0x76, 0x2E, 0x73, 0x68, 0x61, 0x72, 0x65, 0x64, 0x2E,
    0x62, 0x67, 0x72, 0x5F, 0x74, 0x6F, 0x5F, 0x72, 0x67, 0x62, 0x5F, 0x6E,
    0x63, 0x68, 0x77, 0x00, 0x2E, 0x6E, 0x76, 0x2E, 0x63, 0x6F, 0x6E, 0x73,
    0x74, 0x61, 0x6E, 0x74, 0x30, 0x2E, 0x62, 0x67, 0x72, 0x5F, 0x74, 0x6F,
    0x5F, 0x72, 0x67, 0x62, 0x5F, 0x6E, 0x63, 0x68, 0x77, 0x00, 0x2E, 0x72,
    0x65, 0x6C, 0x2E, 0x6E, 0x76, 0x2E, 0x63, 0x6F, 0x6E, 0x73, 0x74, 0x61,
    0x6E, 0x74, 0x30, 0x2E, 0x62, 0x67, 0x72, 0x5F, 0x74, 0x6F, 0x5F, 0x72,
    0x67, 0x62, 0x5F, 0x6E, 0x63, 0x68, 0x77, 0x00, 0x2E, 0x64, 0x65, 0x62,
    0x75, 0x67, 0x5F, 0x66, 0x72, 0x61, 0x6D, 0x65, 0x00, 0x2E, 0x72, 0x65,
    0x6C, 0x2E, 0x64, 0x65, 0x62, 0x75, 0x67, 0x5F, 0x66, 0x72, 0x61, 0x6D,
    0x65, 0x00, 0x2E, 0x72, 0x65, 0x6C, 0x61, 0x2E, 0x64, 0x65, 0x62, 0x75,
    0x67, 0x5F, 0x66, 0x72, 0x61, 0x6D, 0x65, 0x00, 0x2E, 0x6E, 0x76, 0x2E,
    0x63, 0x61, 0x6C, 0x6C, 0x67, 0x72, 0x61, 0x70, 0x68, 0x00, 0x2E, 0x6E,
    0x76, 0x2E, 0x70, 0x72, 0x6F, 0x74, 0x6F, 0x74, 0x79, 0x70, 0x65, 0x00,
    0x2E, 0x6E, 0x76, 0x2E, 0x72, 0x65, 0x6C, 0x2E, 0x61, 0x63, 0x74, 0x69,
    0x6F, 0x6E, 0x00, 0x00, 0x2E, 0x73, 0x68, 0x73, 0x74, 0x72, 0x74, 0x61,
    0x62, 0x00, 0x2E, 0x73, 0x74, 0x72, 0x74, 0x61, 0x62, 0x00, 0x2E, 0x73,
    0x79, 0x6D, 0x74, 0x61, 0x62, 0x00, 0x2E, 0x73, 0x79, 0x6D, 0x74, 0x61,
    0x62, 0x5F, 0x73, 0x68, 0x6E, 0x64, 0x78, 0x00, 0x2E, 0x6E, 0x6F, 0x74,
    0x65, 0x2E, 0x6E, 0x76, 0x2E, 0x74, 0x6B, 0x69, 0x6E, 0x66, 0x6F, 0x00,
    0x2E, 0x6E, 0x6F, 0x74, 0x65, 0x2E, 0x6E, 0x76, 0x2E, 0x63, 0x75, 0x69,
    0x6E, 0x66, 0x6F, 0x00, 0x2E, 0x6E, 0x76, 0x2E, 0x69, 0x6E, 0x66, 0x6F,
    0x00, 0x2E, 0x74, 0x65, 0x78, 0x74, 0x2E, 0x61, 0x63, 0x63, 0x75, 0x6D,
    0x75, 0x6C, 0x61, 0x74, 0x65, 0x5F, 0x66, 0x33, 0x32, 0x00, 0x2E, 0x6E,
    0x76, 0x2E, 0x69, 0x6E, 0x66, 0x6F, 0x2E, 0x61, 0x63, 0x63, 0x75, 0x6D,
    0x75, 0x6C, 0x61, 0x74, 0x65, 0x5F, 0x66, 0x33, 0x32, 0x00, 0x2E, 0x6E,
    0x76, 0x2E, 0x73, 0x68, 0x61, 0x72, 0x65, 0x64, 0x2E, 0x61, 0x63, 0x63,
    0x75, 0x6D, 0x75, 0x6C, 0x61, 0x74, 0x65, 0x5F, 0x66, 0x33, 0x32, 0x00,
    0x2E, 0x72, 0x65, 0x6C, 0x2E, 0x6E, 0x76, 0x2E, 0x63, 0x6F, 0x6E, 0x73,
    0x74, 0x61, 0x6E, 0x74, 0x30, 0x2E, 0x61, 0x63, 0x63, 0x75, 0x6D, 0x75,
    0x6C, 0x61, 0x74, 0x65, 0x5F, 0x66, 0x33, 0x32, 0x00, 0x2E, 0x6E, 0x76,
    0x2E, 0x63, 0x6F, 0x6E, 0x73, 0x74, 0x61, 0x6E, 0x74, 0x30, 0x2E, 0x61,
    0x63, 0x63, 0x75, 0x6D, 0x75, 0x6C, 0x61, 0x74, 0x65, 0x5F, 0x66, 0x33,
    0x32, 0x00, 0x2E, 0x74, 0x65, 0x78, 0x74, 0x2E, 0x63, 0x6F, 0x6D, 0x70,
    0x6F, 0x73, 0x69, 0x74, 0x65, 0x5F, 0x62, 0x67, 0x72, 0x00, 0x2E, 0x6E,
    0x76, 0x2E, 0x69, 0x6E, 0x66, 0x6F, 0x2E, 0x63, 0x6F, 0x6D, 0x70, 0x6F,
    0x73, 0x69, 0x74, 0x65, 0x5F, 0x62, 0x67, 0x72, 0x00, 0x2E, 0x6E, 0x76,
    0x2E, 0x73, 0x68, 0x61, 0x72, 0x65, 0x64, 0x2E, 0x63, 0x6F, 0x6D, 0x70,
    0x6F, 0x73, 0x69, 0x74, 0x65, 0x5F, 0x62, 0x67, 0x72, 0x00, 0x2E, 0x72,
    0x65, 0x6C, 0x2E, 0x6E, 0x76, 0x2E, 0x63, 0x6F, 0x6E, 0x73, 0x74, 0x61,
    0x6E, 0x74, 0x30, 0x2E, 0x63, 0x6F, 0x6D, 0x70, 0x6F, 0x73, 0x69, 0x74,
    0x65, 0x5F, 0x62, 0x67, 0x72, 0x00, 0x2E, 0x6E, 0x76, 0x2E, 0x63, 0x6F,
    0x6E, 0x73, 0x74, 0x61, 0x6E, 0x74, 0x30, 0x2E, 0x63, 0x6F, 0x6D, 0x70,
    0x6F, 0x73, 0x69, 0x74, 0x65, 0x5F, 0x62, 0x67, 0x72, 0x00, 0x2E, 0x74,
    0x65, 0x78, 0x74, 0x2E, 0x6E, 0x76, 0x31, 0x32, 0x5F, 0x74, 0x6F, 0x5F,
    0x72, 0x67, 0x62, 0x5F, 0x6E, 0x63, 0x68, 0x77, 0x00, 0x2E, 0x6E, 0x76,
    0x2E, 0x69, 0x6E, 0x66, 0x6F, 0x2E, 0x6E, 0x76, 0x31, 0x32, 0x5F, 0x74,
    0x6F, 0x5F, 0x72, 0x67, 0x62, 0x5F, 0x6E, 0x63, 0x68, 0x77, 0x00, 0x2E,
    0x6E, 0x76, 0x2E, 0x73, 0x68, 0x61, 0x72, 0x65, 0x64, 0x2E, 0x6E, 0x76,
    0x31, 0x32, 0x5F, 0x74, 0x6F, 0x5F, 0x72, 0x67, 0x62, 0x5F, 0x6E, 0x63,
    0x68, 0x77, 0x00, 0x24, 0x5F, 0x5F, 0x69, 0x6E, 0x74, 0x65, 0x72, 0x6E,
    0x61, 0x6C, 0x5F, 0x30, 0x5F, 0x24, 0x5F, 0x5F, 0x63, 0x75, 0x64, 0x61,
    0x5F, 0x73, 0x6D, 0x33, 0x78, 0x5F, 0x64, 0x69, 0x76, 0x5F, 0x72, 0x6E,
    0x5F, 0x6E, 0x6F, 0x66, 0x74, 0x7A, 0x5F, 0x66, 0x33, 0x32, 0x5F, 0x73,
    0x6C, 0x6F, 0x77, 0x70, 0x61, 0x74, 0x68, 0x00, 0x2E, 0x72, 0x65, 0x6C,
    0x2E, 0x6E, 0x76, 0x2E, 0x63, 0x6F, 0x6E, 0x73, 0x74, 0x61, 0x6E, 0x74,
    0x30, 0x2E, 0x6E, 0x76, 0x31, 0x32, 0x5F, 0x74, 0x6F, 0x5F, 0x72, 0x67,
    0x62, 0x5F, 0x6E, 0x63, 0x68, 0x77, 0x00, 0x2E, 0x6E, 0x76, 0x2E, 0x63,
    0x6F, 0x6E, 0x73, 0x74, 0x61, 0x6E, 0x74, 0x30, 0x2E, 0x6E, 0x76, 0x31,
    0x32, 0x5F, 0x74, 0x6F, 0x5F, 0x72, 0x67, 0x62, 0x5F, 0x6E, 0x63, 0x68,
    0x77, 0x00, 0x2E, 0x74, 0x65, 0x78, 0x74, 0x2E, 0x62, 0x67, 0x72, 0x5F,
    0x74, 0x6F, 0x5F, 0x72, 0x67, 0x62, 0x5F, 0x6E, 0x63, 0x68, 0x77, 0x00,
    0x2E, 0x6E, 0x76, 0x2E, 0x69, 0x6E, 0x66, 0x6F, 0x2E, 0x62, 0x67, 0x72,
    0x5F, 0x74, 0x6F, 0x5F, 0x72, 0x67, 0x62, 0x5F, 0x6E, 0x63, 0x68, 0x77,
    0x00, 0x2E, 0x6E, 0x76, 0x2E, 0x73, 0x68, 0x61, 0x72, 0x65, 0x64, 0x2E,
    0x62, 0x67, 0x72, 0x5F, 0x74, 0x6F, 0x5F, 0x72, 0x67, 0x62, 0x5F, 0x6E,
    0x63, 0x68, 0x77, 0x00, 0x24, 0x5F, 0x5F, 0x69, 0x6E, 0x74, 0x65, 0x72,
    0x6E, 0x61, 0x6C, 0x5F, 0x31, 0x5F, 0x24, 0x5F, 0x5F, 0x63, 0x75, 0x64,
    0x61, 0x5F, 0x73, 0x6D, 0x33, 0x78, 0x5F, 0x64, 0x69, 0x76, 0x5F, 0x72,
    0x6E, 0x5F, 0x6E, 0x6F, 0x66, 0x74, 0x7A, 0x5F, 0x66, 0x33, 0x32, 0x5F,
    0x73, 0x6C, 0x6F, 0x77, 0x70, 0x61, 0x74, 0x68, 0x00, 0x2E, 0x72, 0x65,
    0x6C, 0x2E, 0x6E, 0x76, 0x2E, 0x63, 0x6F, 0x6E, 0x73, 0x74, 0x61, 0x6E,
    0x74, 0x30, 0x2E, 0x62, 0x67, 0x72, 0x5F, 0x74, 0x6F, 0x5F, 0x72, 0x67,
    0x62, 0x5F, 0x6E, 0x63, 0x68, 0x77, 0x00, 0x2E, 0x6E, 0x76, 0x2E, 0x63,
    0x6F, 0x6E, 0x73, 0x74, 0x61, 0x6E, 0x74, 0x30, 0x2E, 0x62, 0x67, 0x72,
    0x5F, 0x74, 0x6F, 0x5F, 0x72, 0x67, 0x62, 0x5F, 0x6E, 0x63, 0x68, 0x77,
    0x00, 0x2E, 0x64, 0x65, 0x62, 0x75, 0x67, 0x5F, 0x66, 0x72, 0x61, 0x6D,
    0x65, 0x00, 0x2E, 0x72, 0x65, 0x6C, 0x2E, 0x64, 0x65, 0x62, 0x75, 0x67,
    0x5F, 0x66, 0x72, 0x61, 0x6D, 0x65, 0x00, 0x2E, 0x72, 0x65, 0x6C, 0x61,
    0x2E, 0x64, 0x65, 0x62, 0x75, 0x67, 0x5F, 0x66, 0x72, 0x61, 0x6D, 0x65,
    0x00, 0x2E, 0x6E, 0x76, 0x2E, 0x63, 0x61, 0x6C, 0x6C, 0x67, 0x72, 0x61,
    0x70, 0x68, 0x00, 0x2E, 0x6E, 0x76, 0x2E, 0x70, 0x72, 0x6F, 0x74, 0x6F,
    0x74, 0x79, 0x70, 0x65, 0x00, 0x2E, 0x6E, 0x76, 0x2E, 0x72, 0x65, 0x6C,
    0x2E, 0x61, 0x63, 0x74, 0x69, 0x6F, 0x6E, 0x00, 0x61, 0x63, 0x63, 0x75,
    0x6D, 0x75, 0x6C, 0x61, 0x74, 0x65, 0x5F, 0x66, 0x33, 0x32, 0x00, 0x63,
    0x6F, 0x6D, 0x70, 0x6F, 0x73, 0x69, 0x74, 0x65, 0x5F, 0x62, 0x67, 0x72,
    0x00, 0x6E, 0x76, 0x31, 0x32, 0x5F, 0x74, 0x6F, 0x5F, 0x72, 0x67, 0x62,
    0x5F, 0x6E, 0x63, 0x68, 0x77, 0x00, 0x62, 0x67, 0x72, 0x5F, 0x74, 0x6F,
    0x5F, 0x72, 0x67, 0x62, 0x5F, 0x6E, 0x63, 0x68, 0x77, 0x00, 0x00, 0x00,
    0x00, 0x00, 0x00, 0x00, 0x00, 0x00, 0x00, 0x00, 0x00, 0x00, 0x00, 0x00,
    0x00, 0x00, 0x00, 0x00, 0x00, 0x00, 0x00, 0x00, 0x00, 0x00, 0x00, 0x00,
    0x29, 0x00, 0x00, 0x00, 0x03, 0x00, 0x05, 0x00, 0x00, 0x00, 0x00, 0x00,
    0x00, 0x00, 0x00, 0x00, 0x00, 0x00, 0x00, 0x00, 0x00, 0x00, 0x00, 0x00,
    0x39, 0x00, 0x00, 0x00, 0x03, 0x00, 0x06, 0x00, 0x00, 0x00, 0x00, 0x00,
    0x00, 0x00, 0x00, 0x00, 0x00, 0x00, 0x00, 0x00, 0x00, 0x00, 0x00, 0x00,
    0x52, 0x00, 0x00, 0x00, 0x03, 0x00, 0x13, 0x00, 0x00, 0x00, 0x00, 0x00,
    0x00, 0x00, 0x00, 0x00, 0x00, 0x00, 0x00, 0x00, 0x00, 0x00, 0x00, 0x00,
    0xBA, 0x00, 0x00, 0x00, 0x03, 0x00, 0x0F, 0x00, 0x00, 0x00, 0x00, 0x00,
    0x00, 0x00, 0x00, 0x00, 0x00, 0x00, 0x00, 0x00, 0x00, 0x00, 0x00, 0x00,
    0xD7, 0x00, 0x00, 0x00, 0x03, 0x00, 0x14, 0x00, 0x00, 0x00, 0x00, 0x00,
    0x00, 0x00, 0x00, 0x00, 0x00, 0x00, 0x00, 0x00, 0x00, 0x00, 0x00, 0x00,
    0x3B, 0x01, 0x00, 0x00, 0x03, 0x00, 0x10, 0x00, 0x00, 0x00, 0x00, 0x00,
    0x00, 0x00, 0x00, 0x00, 0x00, 0x00, 0x00, 0x00, 0x00, 0x00, 0x00, 0x00,
    0x57, 0x01, 0x00, 0x00, 0x03, 0x00, 0x15, 0x00, 0x00, 0x00, 0x00, 0x00,
    0x00, 0x00, 0x00, 0x00, 0x00, 0x00, 0x00, 0x00, 0x00, 0x00, 0x00, 0x00,
    0xA4, 0x01, 0x00, 0x00, 0x02, 0x00, 0x15, 0x00, 0xB0, 0x0C, 0x00, 0x00,
    0x00, 0x00, 0x00, 0x00, 0x50, 0x07, 0x00, 0x00, 0x00, 0x00, 0x00, 0x00,
    0xFC, 0x01, 0x00, 0x00, 0x03, 0x00, 0x11, 0x00, 0x00, 0x00, 0x00, 0x00,
    0x00, 0x00, 0x00, 0x00, 0x00, 0x00, 0x00, 0x00, 0x00, 0x00, 0x00, 0x00,
    0x1B, 0x02, 0x00, 0x00, 0x03, 0x00, 0x16, 0x00, 0x00, 0x00, 0x00, 0x00,
    0x00, 0x00, 0x00, 0x00, 0x00, 0x00, 0x00, 0x00, 0x00, 0x00, 0x00, 0x00,
    0x65, 0x02, 0x00, 0x00, 0x02, 0x00, 0x16, 0x00, 0x10, 0x0C, 0x00, 0x00,
    0x00, 0x00, 0x00, 0x00, 0xF0, 0x06, 0x00, 0x00, 0x00, 0x00, 0x00, 0x00,
    0xBC, 0x02, 0x00, 0x00, 0x03, 0x00, 0x12, 0x00, 0x00, 0x00, 0x00, 0x00,
    0x00, 0x00, 0x00, 0x00, 0x00, 0x00, 0x00, 0x00, 0x00, 0x00, 0x00, 0x00,
    0xDA, 0x02, 0x00, 0x00, 0x03, 0x00, 0x04, 0x00, 0x00, 0x00, 0x00, 0x00,
    0x00, 0x00, 0x00, 0x00, 0x00, 0x00, 0x00, 0x00, 0x00, 0x00, 0x00, 0x00,
    0x0A, 0x03, 0x00, 0x00, 0x03, 0x00, 0x0C, 0x00, 0x00, 0x00, 0x00, 0x00,
    0x00, 0x00, 0x00, 0x00, 0x00, 0x00, 0x00, 0x00, 0x00, 0x00, 0x00, 0x00,
    0x26, 0x03, 0x00, 0x00, 0x03, 0x00, 0x0D, 0x00, 0x00, 0x00, 0x00, 0x00,
    0x00, 0x00, 0x00, 0x00, 0x00, 0x00, 0x00, 0x00, 0x00, 0x00, 0x00, 0x00,
    0x35, 0x03, 0x00, 0x00, 0x12, 0x10, 0x13, 0x00, 0x00, 0x00, 0x00, 0x00,
    0x00, 0x00, 0x00, 0x00, 0x80, 0x01, 0x00, 0x00, 0x00, 0x00, 0x00, 0x00,
    0x44, 0x03, 0x00, 0x00, 0x12, 0x10, 0x14, 0x00, 0x00, 0x00, 0x00, 0x00,
    0x00, 0x00, 0x00, 0x00, 0x80, 0x04, 0x00, 0x00, 0x00, 0x00, 0x00, 0x00,
    0x52, 0x03, 0x00, 0x00, 0x12, 0x10, 0x15, 0x00, 0x00, 0x00, 0x00, 0x00,
    0x00, 0x00, 0x00, 0x00, 0x00, 0x14, 0x00, 0x00, 0x00, 0x00, 0x00, 0x00,
    0x63, 0x03, 0x00, 0x00, 0x12, 0x10, 0x16, 0x00, 0x00, 0x00, 0x00, 0x00,
    0x00, 0x00, 0x00, 0x00, 0x00, 0x13, 0x00, 0x00, 0x00, 0x00, 0x00, 0x00,
    0xFF, 0xFF, 0xFF, 0xFF, 0x24, 0x00, 0x00, 0x00, 0x00, 0x00, 0x00, 0x00,
    0xFF, 0xFF, 0xFF, 0xFF, 0xFF, 0xFF, 0xFF, 0xFF, 0x03, 0x00, 0x04, 0x7C,
    0xFF, 0xFF, 0xFF, 0xFF, 0x0F, 0x0C, 0x81, 0x80, 0x80, 0x28, 0x00, 0x08,
    0xFF, 0x81, 0x80, 0x28, 0x08, 0x81, 0x80, 0x80, 0x28, 0x00, 0x00, 0x00,
    0xFF, 0xFF, 0xFF, 0xFF, 0x34, 0x00, 0x00, 0x00, 0x00, 0x00, 0x00, 0x00,
    0x00, 0x00, 0x00, 0x00, 0x00, 0x00, 0x00, 0x00, 0x00, 0x00, 0x00, 0x00,
    0x00, 0x00, 0x00, 0x00, 0x80, 0x01, 0x00, 0x00, 0x00, 0x00, 0x00, 0x00,
    0x04, 0x04, 0x00, 0x00, 0x00, 0x04, 0x14, 0x00, 0x00, 0x00, 0x0C, 0x81,
    0x80, 0x80, 0x28, 0x00, 0x04, 0x20, 0x00, 0x00, 0x00, 0x00, 0x00, 0x00,
    0x00, 0x00, 0x00, 0x00, 0xFF, 0xFF, 0xFF, 0xFF, 0x24, 0x00, 0x00, 0x00,
    0x00, 0x00, 0x00, 0x00, 0xFF, 0xFF, 0xFF, 0xFF, 0xFF, 0xFF, 0xFF, 0xFF,
    0x03, 0x00, 0x04, 0x7C, 0xFF, 0xFF, 0xFF, 0xFF, 0x0F, 0x0C, 0x81, 0x80,
    0x80, 0x28, 0x00, 0x08, 0xFF, 0x81, 0x80, 0x28, 0x08, 0x81, 0x80, 0x80,
    0x28, 0x00, 0x00, 0x00, 0xFF, 0xFF, 0xFF, 0xFF, 0x34, 0x00, 0x00, 0x00,
    0x00, 0x00, 0x00, 0x00, 0x70, 0x00, 0x00, 0x00, 0x00, 0x00, 0x00, 0x00,
    0x00, 0x00, 0x00, 0x00, 0x00, 0x00, 0x00, 0x00, 0x80, 0x04, 0x00, 0x00,
    0x00, 0x00, 0x00, 0x00, 0x04, 0x04, 0x00, 0x00, 0x00, 0x04, 0x24, 0x00,
    0x00, 0x00, 0x0C, 0x81, 0x80, 0x80, 0x28, 0x00, 0x04, 0xB8, 0x00, 0x00,
    0x00, 0x00, 0x00, 0x00, 0x00, 0x00, 0x00, 0x00, 0xFF, 0xFF, 0xFF, 0xFF,
    0x24, 0x00, 0x00, 0x00, 0x00, 0x00, 0x00, 0x00, 0xFF, 0xFF, 0xFF, 0xFF,
    0xFF, 0xFF, 0xFF, 0xFF, 0x03, 0x00, 0x04, 0x7C, 0xFF, 0xFF, 0xFF, 0xFF,
    0x0F, 0x0C, 0x81, 0x80, 0x80, 0x28, 0x00, 0x08, 0xFF, 0x81, 0x80, 0x28,
    0x08, 0x81, 0x80, 0x80, 0x28, 0x00, 0x00, 0x00, 0xFF, 0xFF, 0xFF, 0xFF,
    0x34, 0x00, 0x00, 0x00, 0x00, 0x00, 0x00, 0x00, 0xE0, 0x00, 0x00, 0x00,
    0x00, 0x00, 0x00, 0x00, 0x00, 0x00, 0x00, 0x00, 0x00, 0x00, 0x00, 0x00,
    0xB0, 0x0C, 0x00, 0x00, 0x00, 0x00, 0x00, 0x00, 0x04, 0x04, 0x00, 0x00,
    0x00, 0x04, 0x24, 0x00, 0x00, 0x00, 0x0C, 0x81, 0x80, 0x80, 0x28, 0x00,
    0x04, 0x00, 0x03, 0x00, 0x00, 0x00, 0x00, 0x00, 0x00, 0x00, 0x00, 0x00,
    0xFF, 0xFF, 0xFF, 0xFF, 0x3C, 0x00, 0x00, 0x00, 0x00, 0x00, 0x00, 0x00,
    0xFF, 0xFF, 0xFF, 0xFF, 0xFF, 0xFF, 0xFF, 0xFF, 0x03, 0x00, 0x04, 0x7C,
    0x80, 0x82, 0x80, 0x28, 0x0C, 0x81, 0x80, 0x80, 0x28, 0x00, 0x08, 0xFF,
    0x81, 0x80, 0x28, 0x08, 0x81, 0x80, 0x80, 0x28, 0x08, 0x86, 0x80, 0x80,
    0x28, 0x16, 0x80, 0x82, 0x80, 0x28, 0x10, 0x03, 0x00, 0x00, 0x00, 0x00,
    0x00, 0x00, 0x00, 0x00, 0x92, 0x86, 0x80, 0x80, 0x28, 0x00, 0x22, 0x00,
    0xFF, 0xFF, 0xFF, 0xFF, 0x2C, 0x00, 0x00, 0x00, 0x00, 0x00, 0x00, 0x00,
    0x50, 0x01, 0x00, 0x00, 0x00, 0x00, 0x00, 0x00, 0xB0, 0x0C, 0x00, 0x00,
    0x00, 0x00, 0x00, 0x00, 0x50, 0x07, 0x00, 0x00, 0x00, 0x00, 0x00, 0x00,
    0x04, 0x98, 0x01, 0x00, 0x00, 0x09, 0x86, 0x80, 0x80, 0x28, 0x88, 0x80,
    0x80, 0x28, 0x00, 0x00, 0x00, 0x00, 0x00, 0x00, 0xFF, 0xFF, 0xFF, 0xFF,
    0x24, 0x00, 0x00, 0x00, 0x00, 0x00, 0x00, 0x00, 0xFF, 0xFF, 0xFF, 0xFF,
    0xFF, 0xFF, 0xFF, 0xFF, 0x03, 0x00, 0x04, 0x7C, 0xFF, 0xFF, 0xFF, 0xFF,
    0x0F, 0x0C, 0x81, 0x80, 0x80, 0x28, 0x00, 0x08, 0xFF, 0x81, 0x80, 0x28,
    0x08, 0x81, 0x80, 0x80, 0x28, 0x00, 0x00, 0x00, 0xFF, 0xFF, 0xFF, 0xFF,
    0x34, 0x00, 0x00, 0x00, 0x00, 0x00, 0x00, 0x00, 0xD0, 0x01, 0x00, 0x00,
    0x00, 0x00, 0x00, 0x00, 0x00, 0x00, 0x00, 0x00, 0x00, 0x00, 0x00, 0x00,
    0x10, 0x0C, 0x00, 0x00, 0x00, 0x00, 0x00, 0x00, 0x04, 0x04, 0x00, 0x00,
    0x00, 0x04, 0x24, 0x00, 0x00, 0x00, 0x0C, 0x81, 0x80, 0x80, 0x28, 0x00,
    0x04, 0xD8, 0x02, 0x00, 0x00, 0x00, 0x00, 0x00, 0x00, 0x00, 0x00, 0x00,
    0xFF, 0xFF, 0xFF, 0xFF, 0x3C, 0x00, 0x00, 0x00, 0x00, 0x00, 0x00, 0x00,
    0xFF, 0xFF, 0xFF, 0xFF, 0xFF, 0xFF, 0xFF, 0xFF, 0x03, 0x00, 0x04, 0x7C,
    0x80, 0x82, 0x80, 0x28, 0x0C, 0x81, 0x80, 0x80, 0x28, 0x00, 0x08, 0xFF,
    0x81, 0x80, 0x28, 0x08, 0x81, 0x80, 0x80, 0x28, 0x08, 0x8A, 0x80, 0x80,
    0x28, 0x16, 0x80, 0x82, 0x80, 0x28, 0x10, 0x03, 0x00, 0x00, 0x00, 0x00,
    0x00, 0x00, 0x00, 0x00, 0x92, 0x8A, 0x80, 0x80, 0x28, 0x00, 0x22, 0x00,
    0xFF, 0xFF, 0xFF, 0xFF, 0x1C, 0x00, 0x00, 0x00, 0x00, 0x00, 0x00, 0x00,
    0x40, 0x02, 0x00, 0x00, 0x00, 0x00, 0x00, 0x00, 0x10, 0x0C, 0x00, 0x00,
    0x00, 0x00, 0x00, 0x00, 0xF0, 0x06, 0x00, 0x00, 0x00, 0x00, 0x00, 0x00,
    0x00, 0x00, 0x00, 0x00, 0x0C, 0x00, 0x00, 0x00, 0x8C, 0x00, 0x00, 0x00,
    0xD0, 0x07, 0x00, 0x00, 0x4E, 0x56, 0x49, 0x44, 0x49, 0x41, 0x20, 0x43,
    0x6F, 0x72, 0x70, 0x00, 0x02, 0x00, 0x00, 0x00, 0x00, 0x00, 0x00, 0x00,
    0x01, 0x00, 0x00, 0x00, 0x07, 0x00, 0x00, 0x00, 0x36, 0x00, 0x00, 0x00,
    0x60, 0x00, 0x00, 0x00, 0x00, 0x70, 0x74, 0x78, 0x61, 0x73, 0x00, 0x43,
    0x75, 0x64, 0x61, 0x20, 0x63, 0x6F, 0x6D, 0x70, 0x69, 0x6C, 0x61, 0x74,
    0x69, 0x6F, 0x6E, 0x20, 0x74, 0x6F, 0x6F, 0x6C, 0x73, 0x2C, 0x20, 0x72,
    0x65, 0x6C, 0x65, 0x61, 0x73, 0x65, 0x20, 0x31, 0x33, 0x2E, 0x32, 0x2C,
    0x20, 0x56, 0x31, 0x33, 0x2E, 0x32, 0x2E, 0x37, 0x38, 0x00, 0x42, 0x75,
    0x69, 0x6C, 0x64, 0x20, 0x63, 0x75, 0x64, 0x61, 0x5F, 0x31, 0x33, 0x2E,
    0x32, 0x2E, 0x72, 0x31, 0x33, 0x2E, 0x32, 0x2F, 0x63, 0x6F, 0x6D, 0x70,
    0x69, 0x6C, 0x65, 0x72, 0x2E, 0x33, 0x37, 0x36, 0x36, 0x38, 0x31, 0x35,
    0x34, 0x5F, 0x30, 0x00, 0x2D, 0x61, 0x72, 0x63, 0x68, 0x20, 0x73, 0x6D,
    0x5F, 0x38, 0x36, 0x20, 0x2D, 0x6D, 0x20, 0x36, 0x34, 0x20, 0x00, 0x00,
    0x0C, 0x00, 0x00, 0x00, 0x08, 0x00, 0x00, 0x00, 0xE8, 0x03, 0x00, 0x00,
    0x4E, 0x56, 0x49, 0x44, 0x49, 0x41, 0x20, 0x43, 0x6F, 0x72, 0x70, 0x00,
    0x02, 0x00, 0x56, 0x00, 0x84, 0x00, 0x00, 0x00, 0x04, 0x2F, 0x08, 0x00,
    0x13, 0x00, 0x00, 0x00, 0x24, 0x00, 0x00, 0x00, 0x04, 0x11, 0x08, 0x00,
    0x0B, 0x00, 0x00, 0x00, 0x00, 0x00, 0x00, 0x00, 0x04, 0x11, 0x08, 0x00,
    0x13, 0x00, 0x00, 0x00, 0x00, 0x00, 0x00, 0x00, 0x04, 0x2F, 0x08, 0x00,
    0x12, 0x00, 0x00, 0x00, 0x25, 0x00, 0x00, 0x00, 0x04, 0x11, 0x08, 0x00,
    0x08, 0x00, 0x00, 0x00, 0x00, 0x00, 0x00, 0x00, 0x04, 0x11, 0x08, 0x00,
    0x12, 0x00, 0x00, 0x00, 0x00, 0x00, 0x00, 0x00, 0x04, 0x2F, 0x08, 0x00,
    0x11, 0x00, 0x00, 0x00, 0x12, 0x00, 0x00, 0x00, 0x04, 0x11, 0x08, 0x00,
    0x11, 0x00, 0x00, 0x00, 0x00, 0x00, 0x00, 0x00, 0x04, 0x2F, 0x08, 0x00,
    0x10, 0x00, 0x00, 0x00, 0x0A, 0x00, 0x00, 0x00, 0x04, 0x11, 0x08, 0x00,
    0x10, 0x00, 0x00, 0x00, 0x00, 0x00, 0x00, 0x00, 0x04, 0x12, 0x08, 0x00,
    0x10, 0x00, 0x00, 0x00, 0x00, 0x00, 0x00, 0x00, 0x04, 0x12, 0x08, 0x00,
    0x11, 0x00, 0x00, 0x00, 0x00, 0x00, 0x00, 0x00, 0x04, 0x12, 0x08, 0x00,
    0x12, 0x00, 0x00, 0x00, 0x00, 0x00, 0x00, 0x00, 0x04, 0x12, 0x08, 0x00,
    0x13, 0x00, 0x00, 0x00, 0x00, 0x00, 0x00, 0x00, 0x04, 0x66, 0x04, 0x00,
    0x03, 0x00, 0x00, 0x00, 0x04, 0x37, 0x04, 0x00, 0x84, 0x00, 0x00, 0x00,
    0x01, 0x35, 0x00, 0x00, 0x04, 0x0A, 0x08, 0x00, 0x04, 0x00, 0x00, 0x00,
    0x60, 0x01, 0x14, 0x00, 0x03, 0x19, 0x14, 0x00, 0x04, 0x17, 0x0C, 0x00,
    0x00, 0x00, 0x00, 0x00, 0x02, 0x00, 0x10, 0x00, 0x00, 0xF0, 0x11, 0x00,
    0x04, 0x17, 0x0C, 0x00, 0x00, 0x00, 0x00, 0x00, 0x01, 0x00, 0x08, 0x00,
    0x00, 0xF0, 0x21, 0x00, 0x04, 0x17, 0x0C, 0x00, 0x00, 0x00, 0x00, 0x00,
    0x00, 0x00, 0x00, 0x00, 0x00, 0xF0, 0x21, 0x00, 0x03, 0x1B, 0xFF, 0x00,
    0x03, 0x5F, 0x00, 0x00, 0x04, 0x1C, 0x08, 0x00, 0x50, 0x00, 0x00, 0x00,
    0xE0, 0x00, 0x00, 0x00, 0x04, 0x66, 0x04, 0x00, 0x03, 0x00, 0x00, 0x00,
    0x04, 0x37, 0x04, 0x00, 0x84, 0x00, 0x00, 0x00, 0x01, 0x35, 0x00, 0x00,
    0x04, 0x0A, 0x08, 0x00, 0x06, 0x00, 0x00, 0x00, 0x60, 0x01, 0x30, 0x00,
    0x03, 0x19, 0x30, 0x00, 0x04, 0x17, 0x0C, 0x00, 0x00, 0x00, 0x00, 0x00,
    0x07, 0x00, 0x2C, 0x00, 0x00, 0xF0, 0x11, 0x00, 0x04, 0x17, 0x0C, 0x00,
    0x00, 0x00, 0x00, 0x00, 0x06, 0x00, 0x28, 0x00, 0x00, 0xF0, 0x11, 0x00,
    0x04, 0x17, 0x0C, 0x00, 0x00, 0x00, 0x00, 0x00, 0x05, 0x00, 0x20, 0x00,
    0x00, 0xF0, 0x21, 0x00, 0x04, 0x17, 0x0C, 0x00, 0x00, 0x00, 0x00, 0x00,
    0x04, 0x00, 0x18, 0x00, 0x00, 0xF0, 0x11, 0x00, 0x04, 0x17, 0x0C, 0x00,
    0x00, 0x00, 0x00, 0x00, 0x03, 0x00, 0x14, 0x00, 0x00, 0xF0, 0x11, 0x00,
    0x04, 0x17, 0x0C, 0x00, 0x00, 0x00, 0x00, 0x00, 0x02, 0x00, 0x10, 0x00,
    0x00, 0xF0, 0x11, 0x00, 0x04, 0x17, 0x0C, 0x00, 0x00, 0x00, 0x00, 0x00,
    0x01, 0x00, 0x08, 0x00, 0x00, 0xF0, 0x21, 0x00, 0x04, 0x17, 0x0C, 0x00,
    0x00, 0x00, 0x00, 0x00, 0x00, 0x00, 0x00, 0x00, 0x00, 0xF0, 0x21, 0x00,
    0x03, 0x1B, 0xFF, 0x00, 0x03, 0x5F, 0x00, 0x00, 0x04, 0x1C, 0x08, 0x00,
    0x90, 0x00, 0x00, 0x00, 0x80, 0x03, 0x00, 0x00, 0x04, 0x66, 0x04, 0x00,
    0x03, 0x00, 0x00, 0x00, 0x04, 0x37, 0x04, 0x00, 0x84, 0x00, 0x00, 0x00,
    0x01, 0x35, 0x00, 0x00, 0x04, 0x0A, 0x08, 0x00, 0x09, 0x00, 0x00, 0x00,
    0x60, 0x01, 0x20, 0x00, 0x03, 0x19, 0x20, 0x00, 0x04, 0x17, 0x0C, 0x00,
    0x00, 0x00, 0x00, 0x00, 0x05, 0x00, 0x1C, 0x00, 0x00, 0xF0, 0x11, 0x00,
    0x04, 0x17, 0x0C, 0x00, 0x00, 0x00, 0x00, 0x00, 0x04, 0x00, 0x18, 0x00,
    0x00, 0xF0, 0x11, 0x00, 0x04, 0x17, 0x0C, 0x00, 0x00, 0x00, 0x00, 0x00,
    0x03, 0x00, 0x10, 0x00, 0x00, 0xF0, 0x21, 0x00, 0x04, 0x17, 0x0C, 0x00,
    0x00, 0x00, 0x00, 0x00, 0x02, 0x00, 0x0C, 0x00, 0x00, 0xF0, 0x11, 0x00,
    0x04, 0x17, 0x0C, 0x00, 0x00, 0x00, 0x00, 0x00, 0x01, 0x00, 0x08, 0x00,
    0x00, 0xF0, 0x11, 0x00, 0x04, 0x17, 0x0C, 0x00, 0x00, 0x00, 0x00, 0x00,
    0x00, 0x00, 0x00, 0x00, 0x00, 0xF0, 0x21, 0x00, 0x03, 0x1B, 0xFF, 0x00,
    0x03, 0x5F, 0x00, 0x00, 0x04, 0x1C, 0x08, 0x00, 0x90, 0x00, 0x00, 0x00,
    0xA0, 0x0C, 0x00, 0x00, 0x04, 0x1E, 0x04, 0x00, 0x00, 0x00, 0x00, 0x00,
    0x04, 0x66, 0x04, 0x00, 0x03, 0x00, 0x00, 0x00, 0x04, 0x37, 0x04, 0x00,
    0x84, 0x00, 0x00, 0x00, 0x01, 0x35, 0x00, 0x00, 0x04, 0x0A, 0x08, 0x00,
    0x0C, 0x00, 0x00, 0x00, 0x60, 0x01, 0x28, 0x00, 0x03, 0x19, 0x28, 0x00,
    0x04, 0x17, 0x0C, 0x00, 0x00, 0x00, 0x00, 0x00, 0x06, 0x00, 0x24, 0x00,
    0x00, 0xF0, 0x11, 0x00, 0x04, 0x17, 0x0C, 0x00, 0x00, 0x00, 0x00, 0x00,
    0x05, 0x00, 0x20, 0x00, 0x00, 0xF0, 0x11, 0x00, 0x04, 0x17, 0x0C, 0x00,
    0x00, 0x00, 0x00, 0x00, 0x04, 0x00, 0x18, 0x00, 0x00, 0xF0, 0x21, 0x00,
    0x04, 0x17, 0x0C, 0x00, 0x00, 0x00, 0x00, 0x00, 0x03, 0x00, 0x10, 0x00,
    0x00, 0xF0, 0x11, 0x00, 0x04, 0x17, 0x0C, 0x00, 0x00, 0x00, 0x00, 0x00,
    0x02, 0x00, 0x0C, 0x00, 0x00, 0xF0, 0x11, 0x00, 0x04, 0x17, 0x0C, 0x00,
    0x00, 0x00, 0x00, 0x00, 0x01, 0x00, 0x08, 0x00, 0x00, 0xF0, 0x11, 0x00,
    0x04, 0x17, 0x0C, 0x00, 0x00, 0x00, 0x00, 0x00, 0x00, 0x00, 0x00, 0x00,
    0x00, 0xF0, 0x21, 0x00, 0x03, 0x1B, 0xFF, 0x00, 0x03, 0x5F, 0x00, 0x00,
    0x04, 0x1C, 0x0C, 0x00, 0x90, 0x00, 0x00, 0x00, 0xF0, 0x09, 0x00, 0x00,
    0x00, 0x0C, 0x00, 0x00, 0x04, 0x1E, 0x04, 0x00, 0x00, 0x00, 0x00, 0x00,
    0x00, 0x00, 0x00, 0x00, 0xFF, 0xFF, 0xFF, 0xFF, 0x00, 0x00, 0x00, 0x00,
    0xFE, 0xFF, 0xFF, 0xFF, 0x00, 0x00, 0x00, 0x00, 0xFD, 0xFF, 0xFF, 0xFF,
    0x00, 0x00, 0x00, 0x00, 0xFC, 0xFF, 0xFF, 0xFF, 0x73, 0x00, 0x00, 0x00,
    0x00, 0x00, 0x00, 0x00, 0x00, 0x00, 0x00, 0x11, 0x25, 0x00, 0x05, 0x36,
    0x9C, 0x02, 0x00, 0x00, 0x00, 0x00, 0x00, 0x00, 0x02, 0x00, 0x00, 0x00,
    0x13, 0x00, 0x00, 0x00, 0x14, 0x02, 0x00, 0x00, 0x00, 0x00, 0x00, 0x00,
    0x02, 0x00, 0x00, 0x00, 0x13, 0x00, 0x00, 0x00, 0x78, 0x02, 0x00, 0x00,
    0x00, 0x00, 0x00, 0x00, 0x02, 0x00, 0x00, 0x00, 0x13, 0x00, 0x00, 0x00,
    0xAC, 0x01, 0x00, 0x00, 0x00, 0x00, 0x00, 0x00, 0x02, 0x00, 0x00, 0x00,
    0x12, 0x00, 0x00, 0x00, 0x24, 0x01, 0x00, 0x00, 0x00, 0x00, 0x00, 0x00,
    0x02, 0x00, 0x00, 0x00, 0x12, 0x00, 0x00, 0x00, 0x88, 0x01, 0x00, 0x00,
    0x00, 0x00, 0x00, 0x00, 0x02, 0x00, 0x00, 0x00, 0x12, 0x00, 0x00, 0x00,
    0xB4, 0x00, 0x00, 0x00, 0x00, 0x00, 0x00, 0x00, 0x02, 0x00, 0x00, 0x00,
    0x11, 0x00, 0x00, 0x00, 0x44, 0x00, 0x00, 0x00, 0x00, 0x00, 0x00, 0x00,
    0x02, 0x00, 0x00, 0x00, 0x10, 0x00, 0x00, 0x00, 0x00, 0x00, 0x00, 0x00,
    0x00, 0x00, 0x00, 0x00, 0x00, 0x00, 0x00, 0x00, 0x00, 0x00, 0x00, 0x00,
    0x00, 0x00, 0x00, 0x00, 0x00, 0x00, 0x00, 0x00, 0x00, 0x00, 0x00, 0x00,
    0x00, 0x00, 0x00, 0x00, 0x00, 0x00, 0x00, 0x00, 0x00, 0x00, 0x00, 0x00,
    0x00, 0x00, 0x00, 0x00, 0x00, 0x00, 0x00, 0x00, 0x00, 0x00, 0x00, 0x00,
    0x00, 0x00, 0x00, 0x00, 0x00, 0x00, 0x00, 0x00, 0x00, 0x00, 0x00, 0x00,
    0x00, 0x00, 0x00, 0x00, 0x00, 0x00, 0x00, 0x00, 0x00, 0x00, 0x00, 0x00,
    0x00, 0x00, 0x00, 0x00, 0x00, 0x00, 0x00, 0x00, 0x00, 0x00, 0x00, 0x00,
    0x00, 0x00, 0x00, 0x00, 0x00, 0x00, 0x00, 0x00, 0x00, 0x00, 0x00, 0x00,
    0x00, 0x00, 0x00, 0x00, 0x00, 0x00, 0x00, 0x00, 0x00, 0x00, 0x00, 0x00,
    0x00, 0x00, 0x00, 0x00, 0x00, 0x00, 0x00, 0x00, 0x00, 0x00, 0x00, 0x00,
    0x00, 0x00, 0x00, 0x00, 0x00, 0x00, 0x00, 0x00, 0x00, 0x00, 0x00, 0x00,
    0x00, 0x00, 0x00, 0x00, 0x00, 0x00, 0x00, 0x00, 0x00, 0x00, 0x00, 0x00,
    0x00, 0x00, 0x00, 0x00, 0x00, 0x00, 0x00, 0x00, 0x00, 0x00, 0x00, 0x00,
    0x00, 0x00, 0x00, 0x00, 0x00, 0x00, 0x00, 0x00, 0x00, 0x00, 0x00, 0x00,
    0x00, 0x00, 0x00, 0x00, 0x00, 0x00, 0x00, 0x00, 0x00, 0x00, 0x00, 0x00,
    0x00, 0x00, 0x00, 0x00, 0x00, 0x00, 0x00, 0x00, 0x00, 0x00, 0x00, 0x00,
    0x00, 0x00, 0x00, 0x00, 0x00, 0x00, 0x00, 0x00, 0x00, 0x00, 0x00, 0x00,
    0x00, 0x00, 0x00, 0x00, 0x00, 0x00, 0x00, 0x00, 0x00, 0x00, 0x00, 0x00,
    0x00, 0x00, 0x00, 0x00, 0x00, 0x00, 0x00, 0x00, 0x00, 0x00, 0x00, 0x00,
    0x00, 0x00, 0x00, 0x00, 0x00, 0x00, 0x00, 0x00, 0x00, 0x00, 0x00, 0x00,
    0x00, 0x00, 0x00, 0x00, 0x00, 0x00, 0x00, 0x00, 0x00, 0x00, 0x00, 0x00,
    0x00, 0x00, 0x00, 0x00, 0x00, 0x00, 0x00, 0x00, 0x00, 0x00, 0x00, 0x00,
    0x00, 0x00, 0x00, 0x00, 0x00, 0x00, 0x00, 0x00, 0x00, 0x00, 0x00, 0x00,
    0x00, 0x00, 0x00, 0x00, 0x00, 0x00, 0x00, 0x00, 0x00, 0x00, 0x00, 0x00,
    0x00, 0x00, 0x00, 0x00, 0x00, 0x00, 0x00, 0x00, 0x00, 0x00, 0x00, 0x00,
    0x00, 0x00, 0x00, 0x00, 0x00, 0x00, 0x00, 0x00, 0x00, 0x00, 0x00, 0x00,
    0x00, 0x00, 0x00, 0x00, 0x00, 0x00, 0x00, 0x00, 0x00, 0x00, 0x00, 0x00,
    0x00, 0x00, 0x00, 0x00, 0x00, 0x00, 0x00, 0x00, 0x00, 0x00, 0x00, 0x00,
    0x00, 0x00, 0x00, 0x00, 0x00, 0x00, 0x00, 0x00, 0x00, 0x00, 0x00, 0x00,
    0x00, 0x00, 0x00, 0x00, 0x00, 0x00, 0x00, 0x00, 0x00, 0x00, 0x00, 0x00,
    0x00, 0x00, 0x00, 0x00, 0x00, 0x00, 0x00, 0x00, 0x00, 0x00, 0x00, 0x00,
    0x00, 0x00, 0x00, 0x00, 0x00, 0x00, 0x00, 0x00, 0x00, 0x00, 0x00, 0x00,
    0x00, 0x00, 0x00, 0x00, 0x00, 0x00, 0x00, 0x00, 0x00, 0x00, 0x00, 0x00,
    0x00, 0x00, 0x00, 0x00, 0x00, 0x00, 0x00, 0x00, 0x00, 0x00, 0x00, 0x00,
    0x00, 0x00, 0x00, 0x00, 0x00, 0x00, 0x00, 0x00, 0x00, 0x00, 0x00, 0x00,
    0x00, 0x00, 0x00, 0x00, 0x00, 0x00, 0x00, 0x00, 0x00, 0x00, 0x00, 0x00,
    0x00, 0x00, 0x00, 0x00, 0x00, 0x00, 0x00, 0x00, 0x00, 0x00, 0x00, 0x00,
    0x00, 0x00, 0x00, 0x00, 0x00, 0x00, 0x00, 0x00, 0x00, 0x00, 0x00, 0x00,
    0x00, 0x00, 0x00, 0x00, 0x00, 0x00, 0x00, 0x00, 0x00, 0x00, 0x00, 0x00,
    0x00, 0x00, 0x00, 0x00, 0x00, 0x00, 0x00, 0x00, 0x00, 0x00, 0x00, 0x00,
    0x00, 0x00, 0x00, 0x00, 0x00, 0x00, 0x00, 0x00, 0x00, 0x00, 0x00, 0x00,
    0x00, 0x00, 0x00, 0x00, 0x00, 0x00, 0x00, 0x00, 0x00, 0x00, 0x00, 0x00,
    0x00, 0x00, 0x00, 0x00, 0x00, 0x00, 0x00, 0x00, 0x00, 0x00, 0x00, 0x00,
    0x00, 0x00, 0x00, 0x00, 0x00, 0x00, 0x00, 0x00, 0x00, 0x00, 0x00, 0x00,
    0x00, 0x00, 0x00, 0x00, 0x00, 0x00, 0x00, 0x00, 0x00, 0x00, 0x00, 0x00,
    0x00, 0x00, 0x00, 0x00, 0x00, 0x00, 0x00, 0x00, 0x00, 0x00, 0x00, 0x00,
    0x00, 0x00, 0x00, 0x00, 0x00, 0x00, 0x00, 0x00, 0x00, 0x00, 0x00, 0x00,
    0x00, 0x00, 0x00, 0x00, 0x00, 0x00, 0x00, 0x00, 0x00, 0x00, 0x00, 0x00,
    0x00, 0x00, 0x00, 0x00, 0x00, 0x00, 0x00, 0x00, 0x00, 0x00, 0x00, 0x00,
    0x00, 0x00, 0x00, 0x00, 0x00, 0x00, 0x00, 0x00, 0x00, 0x00, 0x00, 0x00,
    0x00, 0x00, 0x00, 0x00, 0x00, 0x00, 0x00, 0x00, 0x00, 0x00, 0x00, 0x00,
    0x00, 0x00, 0x00, 0x00, 0x00, 0x00, 0x00, 0x00, 0x00, 0x00, 0x00, 0x00,
    0x00, 0x00, 0x00, 0x00, 0x00, 0x00, 0x00, 0x00, 0x00, 0x00, 0x00, 0x00,
    0x00, 0x00, 0x00, 0x00, 0x00, 0x00, 0x00, 0x00, 0x00, 0x00, 0x00, 0x00,
    0x00, 0x00, 0x00, 0x00, 0x00, 0x00, 0x00, 0x00, 0x00, 0x00, 0x00, 0x00,
    0x00, 0x00, 0x00, 0x00, 0x00, 0x00, 0x00, 0x00, 0x00, 0x00, 0x00, 0x00,
    0x00, 0x00, 0x00, 0x00, 0x00, 0x00, 0x00, 0x00, 0x00, 0x00, 0x00, 0x00,
    0x00, 0x00, 0x00, 0x00, 0x00, 0x00, 0x00, 0x00, 0x00, 0x00, 0x00, 0x00,
    0x00, 0x00, 0x00, 0x00, 0x00, 0x00, 0x00, 0x00, 0x00, 0x00, 0x00, 0x00,
    0x00, 0x00, 0x00, 0x00, 0x00, 0x00, 0x00, 0x00, 0x00, 0x00, 0x00, 0x00,
    0x00, 0x00, 0x00, 0x00, 0x00, 0x00, 0x00, 0x00, 0x00, 0x00, 0x00, 0x00,
    0x00, 0x00, 0x00, 0x00, 0x00, 0x00, 0x00, 0x00, 0x00, 0x00, 0x00, 0x00,
    0x00, 0x00, 0x00, 0x00, 0x00, 0x00, 0x00, 0x00, 0x00, 0x00, 0x00, 0x00,
    0x00, 0x00, 0x00, 0x00, 0x00, 0x00, 0x00, 0x00, 0x00, 0x00, 0x00, 0x00,
    0x00, 0x00, 0x00, 0x00, 0x00, 0x00, 0x00, 0x00, 0x00, 0x00, 0x00, 0x00,
    0x00, 0x00, 0x00, 0x00, 0x00, 0x00, 0x00, 0x00, 0x00, 0x00, 0x00, 0x00,
    0x00, 0x00, 0x00, 0x00, 0x00, 0x00, 0x00, 0x00, 0x00, 0x00, 0x00, 0x00,
    0x00, 0x00, 0x00, 0x00, 0x00, 0x00, 0x00, 0x00, 0x00, 0x00, 0x00, 0x00,
    0x00, 0x00, 0x00, 0x00, 0x00, 0x00, 0x00, 0x00, 0x00, 0x00, 0x00, 0x00,
    0x00, 0x00, 0x00, 0x00, 0x00, 0x00, 0x00, 0x00, 0x00, 0x00, 0x00, 0x00,
    0x00, 0x00, 0x00, 0x00, 0x00, 0x00, 0x00, 0x00, 0x00, 0x00, 0x00, 0x00,
    0x00, 0x00, 0x00, 0x00, 0x00, 0x00, 0x00, 0x00, 0x00, 0x00, 0x00, 0x00,
    0x00, 0x00, 0x00, 0x00, 0x00, 0x00, 0x00, 0x00, 0x00, 0x00, 0x00, 0x00,
    0x00, 0x00, 0x00, 0x00, 0x00, 0x00, 0x00, 0x00, 0x00, 0x00, 0x00, 0x00,
    0x00, 0x00, 0x00, 0x00, 0x00, 0x00, 0x00, 0x00, 0x00, 0x00, 0x00, 0x00,
    0x00, 0x00, 0x00, 0x00, 0x00, 0x00, 0x00, 0x00, 0x00, 0x00, 0x00, 0x00,
    0x00, 0x00, 0x00, 0x00, 0x00, 0x00, 0x00, 0x00, 0x00, 0x00, 0x00, 0x00,
    0x00, 0x00, 0x00, 0x00, 0x00, 0x00, 0x00, 0x00, 0x00, 0x00, 0x00, 0x00,
    0x00, 0x00, 0x00, 0x00, 0x00, 0x00, 0x00, 0x00, 0x00, 0x00, 0x00, 0x00,
    0x00, 0x00, 0x00, 0x00, 0x00, 0x00, 0x00, 0x00, 0x00, 0x00, 0x00, 0x00,
    0x00, 0x00, 0x00, 0x00, 0x00, 0x00, 0x00, 0x00, 0x00, 0x00, 0x00, 0x00,
    0x00, 0x00, 0x00, 0x00, 0x00, 0x00, 0x00, 0x00, 0x00, 0x00, 0x00, 0x00,
    0x00, 0x00, 0x00, 0x00, 0x00, 0x00, 0x00, 0x00, 0x00, 0x00, 0x00, 0x00,
    0x00, 0x00, 0x00, 0x00, 0x00, 0x00, 0x00, 0x00, 0x00, 0x00, 0x00, 0x00,
    0x00, 0x00, 0x00, 0x00, 0x00, 0x00, 0x00, 0x00, 0x00, 0x00, 0x00, 0x00,
    0x00, 0x00, 0x00, 0x00, 0x00, 0x00, 0x00, 0x00, 0x00, 0x00, 0x00, 0x00,
    0x00, 0x00, 0x00, 0x00, 0x00, 0x00, 0x00, 0x00, 0x00, 0x00, 0x00, 0x00,
    0x00, 0x00, 0x00, 0x00, 0x00, 0x00, 0x00, 0x00, 0x00, 0x00, 0x00, 0x00,
    0x00, 0x00, 0x00, 0x00, 0x00, 0x00, 0x00, 0x00, 0x00, 0x00, 0x00, 0x00,
    0x00, 0x00, 0x00, 0x00, 0x00, 0x00, 0x00, 0x00, 0x00, 0x00, 0x00, 0x00,
    0x00, 0x00, 0x00, 0x00, 0x00, 0x00, 0x00, 0x00, 0x00, 0x00, 0x00, 0x00,
    0x00, 0x00, 0x00, 0x00, 0x00, 0x00, 0x00, 0x00, 0x00, 0x00, 0x00, 0x00,
    0x00, 0x00, 0x00, 0x00, 0x00, 0x00, 0x00, 0x00, 0x00, 0x00, 0x00, 0x00,
    0x00, 0x00, 0x00, 0x00, 0x00, 0x00, 0x00, 0x00, 0x00, 0x00, 0x00, 0x00,
    0x00, 0x00, 0x00, 0x00, 0x00, 0x00, 0x00, 0x00, 0x00, 0x00, 0x00, 0x00,
    0x00, 0x00, 0x00, 0x00, 0x00, 0x00, 0x00, 0x00, 0x00, 0x00, 0x00, 0x00,
    0x00, 0x00, 0x00, 0x00, 0x00, 0x00, 0x00, 0x00, 0x00, 0x00, 0x00, 0x00,
    0x00, 0x00, 0x00, 0x00, 0x00, 0x00, 0x00, 0x00, 0x00, 0x00, 0x00, 0x00,
    0x00, 0x00, 0x00, 0x00, 0x00, 0x00, 0x00, 0x00, 0x00, 0x00, 0x00, 0x00,
    0x00, 0x00, 0x00, 0x00, 0x00, 0x00, 0x00, 0x00, 0x00, 0x00, 0x00, 0x00,
    0x00, 0x00, 0x00, 0x00, 0x00, 0x00, 0x00, 0x00, 0x00, 0x00, 0x00, 0x00,
    0x00, 0x00, 0x00, 0x00, 0x00, 0x00, 0x00, 0x00, 0x00, 0x00, 0x00, 0x00,
    0x00, 0x00, 0x00, 0x00, 0x00, 0x00, 0x00, 0x00, 0x00, 0x00, 0x00, 0x00,
    0x00, 0x00, 0x00, 0x00, 0x00, 0x00, 0x00, 0x00, 0x00, 0x00, 0x00, 0x00,
    0x00, 0x00, 0x00, 0x00, 0x00, 0x00, 0x00, 0x00, 0x00, 0x00, 0x00, 0x00,
    0x00, 0x00, 0x00, 0x00, 0x00, 0x00, 0x00, 0x00, 0x00, 0x00, 0x00, 0x00,
    0x00, 0x00, 0x00, 0x00, 0x00, 0x00, 0x00, 0x00, 0x00, 0x00, 0x00, 0x00,
    0x00, 0x00, 0x00, 0x00, 0x00, 0x00, 0x00, 0x00, 0x00, 0x00, 0x00, 0x00,
    0x00, 0x00, 0x00, 0x00, 0x00, 0x00, 0x00, 0x00, 0x00, 0x00, 0x00, 0x00,
    0x00, 0x00, 0x00, 0x00, 0x00, 0x00, 0x00, 0x00, 0x00, 0x00, 0x00, 0x00,
    0x00, 0x00, 0x00, 0x00, 0x00, 0x00, 0x00, 0x00, 0x00, 0x00, 0x00, 0x00,
    0x00, 0x00, 0x00, 0x00, 0x00, 0x00, 0x00, 0x00, 0x00, 0x00, 0x00, 0x00,
    0x00, 0x00, 0x00, 0x00, 0x00, 0x00, 0x00, 0x00, 0x00, 0x00, 0x00, 0x00,
    0x00, 0x00, 0x00, 0x00, 0x00, 0x00, 0x00, 0x00, 0x00, 0x00, 0x00, 0x00,
    0x00, 0x00, 0x00, 0x00, 0x00, 0x00, 0x00, 0x00, 0x00, 0x00, 0x00, 0x00,
    0x00, 0x00, 0x00, 0x00, 0x00, 0x00, 0x00, 0x00, 0x00, 0x00, 0x00, 0x00,
    0x00, 0x00, 0x00, 0x00, 0x00, 0x00, 0x00, 0x00, 0x00, 0x00, 0x00, 0x00,
    0x00, 0x00, 0x00, 0x00, 0x00, 0x00, 0x00, 0x00, 0x00, 0x00, 0x00, 0x00,
    0x00, 0x00, 0x00, 0x00, 0x00, 0x00, 0x00, 0x00, 0x00, 0x00, 0x00, 0x00,
    0x00, 0x00, 0x00, 0x00, 0x00, 0x00, 0x00, 0x00, 0x00, 0x00, 0x00, 0x00,
    0x00, 0x00, 0x00, 0x00, 0x00, 0x00, 0x00, 0x00, 0x00, 0x00, 0x00, 0x00,
    0x00, 0x00, 0x00, 0x00, 0x00, 0x00, 0x00, 0x00, 0x00, 0x00, 0x00, 0x00,
    0x00, 0x00, 0x00, 0x00, 0x00, 0x00, 0x00, 0x00, 0x00, 0x00, 0x00, 0x00,
    0x00, 0x00, 0x00, 0x00, 0x00, 0x00, 0x00, 0x00, 0x00, 0x00, 0x00, 0x00,
    0x00, 0x00, 0x00, 0x00, 0x00, 0x00, 0x00, 0x00, 0x00, 0x00, 0x00, 0x00,
    0x00, 0x00, 0x00, 0x00, 0x00, 0x00, 0x00, 0x00, 0x00, 0x00, 0x00, 0x00,
    0x00, 0x00, 0x00, 0x00, 0x00, 0x00, 0x00, 0x00, 0x00, 0x00, 0x00, 0x00,
    0x00, 0x00, 0x00, 0x00, 0x00, 0x00, 0x00, 0x00, 0x00, 0x00, 0x00, 0x00,
    0x00, 0x00, 0x00, 0x00, 0x00, 0x00, 0x00, 0x00, 0x00, 0x00, 0x00, 0x00,
    0x00, 0x00, 0x00, 0x00, 0x00, 0x00, 0x00, 0x00, 0x00, 0x00, 0x00, 0x00,
    0x00, 0x00, 0x00, 0x00, 0x00, 0x00, 0x00, 0x00, 0x00, 0x00, 0x00, 0x00,
    0x00, 0x00, 0x00, 0x00, 0x00, 0x00, 0x00, 0x00, 0x00, 0x00, 0x00, 0x00,
    0x00, 0x00, 0x00, 0x00, 0x00, 0x00, 0x00, 0x00, 0x00, 0x00, 0x00, 0x00,
    0x00, 0x00, 0x00, 0x00, 0x00, 0x00, 0x00, 0x00, 0x00, 0x00, 0x00, 0x00,
    0x00, 0x00, 0x00, 0x00, 0x00, 0x00, 0x00, 0x00, 0x00, 0x00, 0x00, 0x00,
    0x00, 0x00, 0x00, 0x00, 0x00, 0x00, 0x00, 0x00, 0x02, 0x7A, 0x01, 0x00,
    0x00, 0x0A, 0x00, 0x00, 0x00, 0x0F, 0x00, 0x00, 0x00, 0xE4, 0x0F, 0x00,
    0x19, 0x79, 0x04, 0x00, 0x00, 0x00, 0x00, 0x00, 0x00, 0x25, 0x00, 0x00,
    0x00, 0x28, 0x0E, 0x00, 0x19, 0x79, 0x03, 0x00, 0x00, 0x00, 0x00, 0x00,
    0x00, 0x21, 0x00, 0x00, 0x00, 0x24, 0x0E, 0x00, 0x24, 0x7A, 0x04, 0x04,
    0x00, 0x00, 0x00, 0x00, 0x03, 0x02, 0x8E, 0x07, 0x00, 0xCA, 0x1F, 0x00,
    0x0C, 0x7A, 0x00, 0x04, 0x00, 0x5C, 0x00, 0x00, 0x70, 0x62, 0xF0, 0x03,
    0x00, 0xDA, 0x0F, 0x00, 0x4D, 0x09, 0x00, 0x00, 0x00, 0x00, 0x00, 0x00,
    0x00, 0x00, 0x80, 0x03, 0x00, 0xEA, 0x0F, 0x00, 0x02, 0x78, 0x05, 0x00,
    0x04, 0x00, 0x00, 0x00, 0x00, 0x0F, 0x00, 0x00, 0x00, 0xE2, 0x0F, 0x00,
    0xB9, 0x7A, 0x04, 0x00, 0x00, 0x46, 0x00, 0x00, 0x00, 0x0A, 0x00, 0x00,
    0x00, 0xC8, 0x0F, 0x00, 0x25, 0x76, 0x02, 0x04, 0x00, 0x5A, 0x00, 0x00,
    0x05, 0x02, 0x8E, 0x07, 0x00, 0xC8, 0x0F, 0x00, 0x25, 0x76, 0x04, 0x04,
    0x00, 0x58, 0x00, 0x00, 0x05, 0x02, 0x8E, 0x07, 0x00, 0xE4, 0x0F, 0x00,
    0x81, 0x79, 0x03, 0x02, 0x04, 0x00, 0x00, 0x00, 0x00, 0x99, 0x1E, 0x0C,
    0x00, 0xA8, 0x0E, 0x00, 0x81, 0x79, 0x00, 0x04, 0x04, 0x00, 0x00, 0x00,
    0x00, 0x19, 0x1E, 0x0C, 0x00, 0xA4, 0x0E, 0x00, 0x21, 0x72, 0x07, 0x00,
    0x03, 0x00, 0x00, 0x00, 0x00, 0x00, 0x00, 0x00, 0x00, 0xCA, 0x4F, 0x00,
    0x86, 0x79, 0x00, 0x04, 0x07, 0x00, 0x00, 0x00, 0x04, 0x19, 0x10, 0x0C,
    0x00, 0xE2, 0x0F, 0x00, 0x4D, 0x79, 0x00, 0x00, 0x00, 0x00, 0x00, 0x00,
    0x00, 0x00, 0x80, 0x03, 0x00, 0xEA, 0x0F, 0x00, 0x47, 0x79, 0x00, 0x00,
    0xF0, 0xFF, 0xFF, 0xFF, 0xFF, 0xFF, 0x83, 0x03, 0x00, 0xC0, 0x0F, 0x00,
    0x18, 0x79, 0x00, 0x00, 0x00, 0x00, 0x00, 0x00, 0x00, 0x00, 0x00, 0x00,
    0x00, 0xC0, 0x0F, 0x00, 0x18, 0x79, 0x00, 0x00, 0x00, 0x00, 0x00, 0x00,
    0x00, 0x00, 0x00, 0x00, 0x00, 0xC0, 0x0F, 0x00, 0x18, 0x79, 0x00, 0x00,
    0x00, 0x00, 0x00, 0x00, 0x00, 0x00, 0x00, 0x00, 0x00, 0xC0, 0x0F, 0x00,
    0x18, 0x79, 0x00, 0x00, 0x00, 0x00, 0x00, 0x00, 0x00, 0x00, 0x00, 0x00,
    0x00, 0xC0, 0x0F, 0x00, 0x18, 0x79, 0x00, 0x00, 0x00, 0x00, 0x00, 0x00,
    0x00, 0x00, 0x00, 0x00, 0x00, 0xC0, 0x0F, 0x00, 0x18, 0x79, 0x00, 0x00,
    0x00, 0x00, 0x00, 0x00, 0x00, 0x00, 0x00, 0x00, 0x00, 0xC0, 0x0F, 0x00,
    0x18, 0x79, 0x00, 0x00, 0x00, 0x00, 0x00, 0x00, 0x00, 0x00, 0x00, 0x00,
    0x00, 0xC0, 0x0F, 0x00, 0x18, 0x79, 0x00, 0x00, 0x00, 0x00, 0x00, 0x00,
    0x00, 0x00, 0x00, 0x00, 0x00, 0xC0, 0x0F, 0x00, 0x24, 0x76, 0x01, 0xFF,
    0x00, 0x0A, 0x00, 0x00, 0xFF, 0x00, 0x8E, 0x07, 0x00, 0xE4, 0x0F, 0x00,
    0x19, 0x79, 0x05, 0x00, 0x00, 0x00, 0x00, 0x00, 0x00, 0x26, 0x00, 0x00,
    0x00, 0x28, 0x0E, 0x00, 0x19, 0x79, 0x00, 0x00, 0x00, 0x00, 0x00, 0x00,
    0x00, 0x22, 0x00, 0x00, 0x00, 0x28, 0x0E, 0x00, 0x19, 0x79, 0x02, 0x00,
    0x00, 0x00, 0x00, 0x00, 0x00, 0x25, 0x00, 0x00, 0x00, 0x68, 0x0E, 0x00,
    0x19, 0x79, 0x03, 0x00, 0x00, 0x00, 0x00, 0x00, 0x00, 0x21, 0x00, 0x00,
    0x00, 0x62, 0x0E, 0x00, 0x24, 0x7A, 0x05, 0x05, 0x00, 0x01, 0x00, 0x00,
    0x00, 0x02, 0x8E, 0x07, 0x00, 0xCA, 0x1F, 0x00, 0x0C, 0x7A, 0x00, 0x05,
    0x00, 0x63, 0x00, 0x00, 0x70, 0x62, 0xF0, 0x03, 0x00, 0xE2, 0x0F, 0x00,
    0x24, 0x7A, 0x02, 0x02, 0x00, 0x00, 0x00, 0x00, 0x03, 0x02, 0x8E, 0x07,
    0x00, 0xCA, 0x2F, 0x00, 0x0C, 0x7A, 0x00, 0x02, 0x00, 0x62, 0x00, 0x00,
    0x70, 0x66, 0x70, 0x00, 0x00, 0xDA, 0x0F, 0x00, 0x4D, 0x09, 0x00, 0x00,
    0x00, 0x00, 0x00, 0x00, 0x00, 0x00, 0x80, 0x03, 0x00, 0xEA, 0x0F, 0x00,
    0x19, 0x78, 0x03, 0xFF, 0x1F, 0x00, 0x00, 0x00, 0x02, 0x14, 0x01, 0x00,
    0x00, 0xE2, 0x0F, 0x10, 0xB9, 0x7A, 0x04, 0x00, 0x00, 0x62, 0x00, 0x00,
    0x00, 0x0A, 0x00, 0x00, 0x00, 0xE4, 0x0F, 0x00, 0xA5, 0x72, 0x04, 0x05,
    0x04, 0x00, 0x00, 0x00, 0x3F, 0x02, 0x8E, 0x0F, 0x00, 0xE4, 0x0F, 0x00,
    0x25, 0x7A, 0x02, 0x05, 0x00, 0x62, 0x00, 0x00, 0x02, 0x02, 0x8E, 0x07,
    0x00, 0xE2, 0x0F, 0x00, 0xB9, 0x7A, 0x06, 0x00, 0x00, 0x46, 0x00, 0x00,
    0x00, 0x0A, 0x00, 0x00, 0x00, 0xE4, 0x0F, 0x00, 0x99, 0x78, 0x08, 0x04,
    0x02, 0x00, 0x00, 0x00, 0x3F, 0x06, 0x00, 0x08, 0x00, 0xE2, 0x0F, 0x00,
    0x24, 0x78, 0x06, 0x02, 0x04, 0x00, 0x00, 0x00, 0xFF, 0x00, 0x8E, 0x07,
    0x00, 0xE2, 0x0F, 0x04, 0x19, 0x78, 0x00, 0x02, 0x02, 0x00, 0x00, 0x00,
    0x03, 0x02, 0x01, 0x00, 0x00, 0xE2, 0x0F, 0x00, 0x99, 0x78, 0x04, 0x04,
    0x02, 0x00, 0x00, 0x00, 0x05, 0x02, 0x01, 0x08, 0x00, 0xC6, 0x0F, 0x00,
    0x10, 0x7A, 0x04, 0x06, 0x00, 0x5A, 0x00, 0x00, 0xFF, 0xE0, 0xF1, 0x07,
    0x00, 0xE4, 0x0F, 0x04, 0x10, 0x7A, 0x06, 0x06, 0x00, 0x58, 0x00, 0x00,
    0xFF, 0xE0, 0xF3, 0x07, 0x00, 0xE4, 0x0F, 0x00, 0x10, 0x7A, 0x05, 0x00,
    0x00, 0x5B, 0x00, 0x00, 0xFF, 0xE4, 0x7F, 0x00, 0x00, 0xE4, 0x0F, 0x04,
    0x10, 0x7A, 0x07, 0x00, 0x00, 0x59, 0x00, 0x00, 0xFF, 0xE4, 0xFF, 0x00,
    0x00, 0xE4, 0x0F, 0x00, 0x10, 0x7C, 0x08, 0x06, 0x08, 0x00, 0x00, 0x00,
    0xFF, 0xE0, 0xF1, 0x0F, 0x00, 0xE2, 0x0F, 0x00, 0x81, 0x79, 0x04, 0x04,
    0x06, 0x00, 0x00, 0x00, 0x00, 0x99, 0x1E, 0x0C, 0x00, 0xA6, 0x0E, 0x00,
    0x10, 0x7C, 0x09, 0x07, 0x04, 0x00, 0x00, 0x00, 0xFF, 0xE4, 0x7F, 0x08,
    0x00, 0xE2, 0x0F, 0x00, 0x81, 0x79, 0x06, 0x06, 0x06, 0x00, 0x00, 0x00,
    0x00, 0x99, 0x1E, 0x0C, 0x00, 0xE2, 0x0E, 0x00, 0x10, 0x7C, 0x0A, 0x08,
    0x08, 0x00, 0x00, 0x00, 0xFF, 0xE0, 0xF1, 0x0F, 0x00, 0xC6, 0x0F, 0x00,
    0x81, 0x79, 0x08, 0x08, 0x06, 0x00, 0x00, 0x00, 0x00, 0x99, 0x1E, 0x0C,
    0x00, 0x22, 0x0F, 0x00, 0x10, 0x7C, 0x0B, 0x09, 0x04, 0x00, 0x00, 0x00,
    0xFF, 0xE4, 0x7F, 0x08, 0x00, 0xCA, 0x0F, 0x00, 0x81, 0x79, 0x0A, 0x0A,
    0x06, 0x00, 0x00, 0x00, 0x00, 0x99, 0x1E, 0x0C, 0x00, 0x62, 0x0F, 0x00,
    0x02, 0x78, 0x0C, 0x00, 0x00, 0x00, 0x7F, 0x43, 0x00, 0x0F, 0x00, 0x00,
    0x00, 0xE2, 0x0F, 0x00, 0x24, 0x78, 0x03, 0x03, 0x03, 0x00, 0x00, 0x00,
    0xFF, 0x02, 0x8E, 0x07, 0x00, 0xE2, 0x0F, 0x00, 0x21, 0x72, 0x00, 0xFF,
    0x04, 0x00, 0x00, 0x00, 0x00, 0x20, 0x00, 0x00, 0x00, 0xE2, 0x4F, 0x00,
    0x21, 0x76, 0x0D, 0x06, 0x00, 0x5C, 0x00, 0x80, 0x00, 0x00, 0x00, 0x00,
    0x00, 0xE2, 0x8F, 0x00, 0x21, 0x76, 0x0F, 0x08, 0x00, 0x5D, 0x00, 0x80,
    0x00, 0x00, 0x00, 0x00, 0x00, 0xC6, 0x0F, 0x01, 0x23, 0x76, 0x0D, 0x00,
    0x00, 0x5C, 0x00, 0x00, 0x0D, 0x00, 0x00, 0x00, 0x00, 0xE2, 0x0F, 0x04,
    0x23, 0x76, 0x0F, 0x00, 0x00, 0x5D, 0x00, 0x00, 0x0F, 0x00, 0x00, 0x00,
    0x00, 0xE2, 0x0F, 0x00, 0x21, 0x76, 0x05, 0x0A, 0x00, 0x5E, 0x00, 0x80,
    0x00, 0x00, 0x00, 0x00, 0x00, 0xE4, 0x0F, 0x02, 0x23, 0x74, 0x0D, 0x0D,
    0x00, 0x00, 0x00, 0x3F, 0x0C, 0x00, 0x00, 0x00, 0x00, 0xE2, 0x0F, 0x08,
    0x23, 0x74, 0x0F, 0x0F, 0x00, 0x00, 0x00, 0x3F, 0x0C, 0x00, 0x00, 0x00,
    0x00, 0xE2, 0x0F, 0x00, 0x23, 0x76, 0x05, 0x00, 0x00, 0x5E, 0x00, 0x00,
    0x05, 0x00, 0x00, 0x00, 0x00, 0xC8, 0x0F, 0x00, 0x23, 0x74, 0x05, 0x05,
    0x00, 0x00, 0x00, 0x3F, 0x0C, 0x00, 0x00, 0x00, 0x00, 0xE2, 0x0F, 0x00,
    0x09, 0x78, 0x0D, 0x0D, 0x00, 0x00, 0x7F, 0x43, 0x00, 0x00, 0x80, 0x03,
    0x00, 0xE4, 0x0F, 0x00, 0x09, 0x78, 0x0F, 0x0F, 0x00, 0x00, 0x7F, 0x43,
    0x00, 0x00, 0x80, 0x03, 0x00, 0xE4, 0x0F, 0x00, 0x09, 0x78, 0x00, 0x05,
    0x00, 0x00, 0x7F, 0x43, 0x00, 0x00, 0x80, 0x03, 0x00, 0xE4, 0x0F, 0x00,
    0x05, 0x73, 0x0D, 0x00, 0x0D, 0x00, 0x00, 0x00, 0x00, 0xF0, 0x20, 0x00,
    0x00, 0x22, 0x0E, 0x00, 0x24, 0x74, 0x05, 0xFF, 0x03, 0x00, 0x00, 0x00,
    0xFF, 0x00, 0x8E, 0x07, 0x00, 0xCE, 0x0F, 0x00, 0x05, 0x73, 0x0F, 0x00,
    0x0F, 0x00, 0x00, 0x00, 0x00, 0xF0, 0x20, 0x00, 0x00, 0x62, 0x0E, 0x00,
    0x25, 0x76, 0x04, 0x02, 0x00, 0x60, 0x00, 0x00, 0x05, 0x00, 0x8E, 0x07,
    0x00, 0xCE, 0x0F, 0x00, 0x05, 0x73, 0x07, 0x00, 0x00, 0x00, 0x00, 0x00,
    0x00, 0xF0, 0x20, 0x00, 0x00, 0xA2, 0x0E, 0x00, 0x10, 0x72, 0x03, 0x05,
    0x03, 0x00, 0x00, 0x00, 0xFF, 0xE0, 0xFF, 0x07, 0x00, 0xE4, 0x0F, 0x00,
    0x02, 0x72, 0x02, 0x00, 0x04, 0x00, 0x00, 0x00, 0x00, 0x0F, 0x00, 0x00,
    0x00, 0xCA, 0x0F, 0x00, 0x86, 0x79, 0x00, 0x02, 0x0D, 0x02, 0x00, 0x00,
    0x06, 0x11, 0x10, 0x0C, 0x00, 0xE8, 0x1F, 0x00, 0x86, 0x79, 0x00, 0x02,
    0x0F, 0x01, 0x00, 0x00, 0x06, 0x11, 0x10, 0x0C, 0x00, 0xE8, 0x2F, 0x00,
    0x86, 0x79, 0x00, 0x02, 0x07, 0x00, 0x00, 0x00, 0x06, 0x11, 0x10, 0x0C,
    0x00, 0xE2, 0x4F, 0x00, 0x4D, 0x79, 0x00, 0x00, 0x00, 0x00, 0x00, 0x00,
    0x00, 0x00, 0x80, 0x03, 0x00, 0xEA, 0x0F, 0x00, 0x47, 0x79, 0x00, 0x00,
    0xF0, 0xFF, 0xFF, 0xFF, 0xFF, 0xFF, 0x83, 0x03, 0x00, 0xC0, 0x0F, 0x00,
    0x18, 0x79, 0x00, 0x00, 0x00, 0x00, 0x00, 0x00, 0x00, 0x00, 0x00, 0x00,
    0x00, 0xC0, 0x0F, 0x00, 0x18, 0x79, 0x00, 0x00, 0x00, 0x00, 0x00, 0x00,
    0x00, 0x00, 0x00, 0x00, 0x00, 0xC0, 0x0F, 0x00, 0x18, 0x79, 0x00, 0x00,
    0x00, 0x00, 0x00, 0x00, 0x00, 0x00, 0x00, 0x00, 0x00, 0xC0, 0x0F, 0x00,
    0x18, 0x79, 0x00, 0x00, 0x00, 0x00, 0x00, 0x00, 0x00, 0x00, 0x00, 0x00,
    0x00, 0xC0, 0x0F, 0x00, 0x18, 0x79, 0x00, 0x00, 0x00, 0x00, 0x00, 0x00,
    0x00, 0x00, 0x00, 0x00, 0x00, 0xC0, 0x0F, 0x00, 0x18, 0x79, 0x00, 0x00,
    0x00, 0x00, 0x00, 0x00, 0x00, 0x00, 0x00, 0x00, 0x00, 0xC0, 0x0F, 0x00,
    0x18, 0x79, 0x00, 0x00, 0x00, 0x00, 0x00, 0x00, 0x00, 0x00, 0x00, 0x00,
    0x00, 0xC0, 0x0F, 0x00, 0x18, 0x79, 0x00, 0x00, 0x00, 0x00, 0x00, 0x00,
    0x00, 0x00, 0x00, 0x00, 0x00, 0xC0, 0x0F, 0x00, 0x18, 0x79, 0x00, 0x00,
    0x00, 0x00, 0x00, 0x00, 0x00, 0x00, 0x00, 0x00, 0x00, 0xC0, 0x0F, 0x00,
    0x18, 0x79, 0x00, 0x00, 0x00, 0x00, 0x00, 0x00, 0x00, 0x00, 0x00, 0x00,
    0x00, 0xC0, 0x0F, 0x00, 0x18, 0x79, 0x00, 0x00, 0x00, 0x00, 0x00, 0x00,
    0x00, 0x00, 0x00, 0x00, 0x00, 0xC0, 0x0F, 0x00, 0x18, 0x79, 0x00, 0x00,
    0x00, 0x00, 0x00, 0x00, 0x00, 0x00, 0x00, 0x00, 0x00, 0xC0, 0x0F, 0x00,
    0x18, 0x79, 0x00, 0x00, 0x00, 0x00, 0x00, 0x00, 0x00, 0x00, 0x00, 0x00,
    0x00, 0xC0, 0x0F, 0x00, 0x18, 0x79, 0x00, 0x00, 0x00, 0x00, 0x00, 0x00,
    0x00, 0x00, 0x00, 0x00, 0x00, 0xC0, 0x0F, 0x00, 0x24, 0x76, 0x01, 0xFF,
    0x00, 0x0A, 0x00, 0x00, 0xFF, 0x00, 0x8E, 0x07, 0x00, 0xE4, 0x0F, 0x00,
    0x19, 0x79, 0x03, 0x00, 0x00, 0x00, 0x00, 0x00, 0x00, 0x26, 0x00, 0x00,
    0x00, 0x28, 0x0E, 0x00, 0x19, 0x79, 0x00, 0x00, 0x00, 0x00, 0x00, 0x00,
    0x00, 0x22, 0x00, 0x00, 0x00, 0x28, 0x0E, 0x00, 0x19, 0x79, 0x0A, 0x00,
    0x00, 0x00, 0x00, 0x00, 0x00, 0x25, 0x00, 0x00, 0x00, 0x68, 0x0E, 0x00,
    0x19, 0x79, 0x0B, 0x00, 0x00, 0x00, 0x00, 0x00, 0x00, 0x21, 0x00, 0x00,
    0x00, 0x62, 0x0E, 0x00, 0x24, 0x7A, 0x03, 0x03, 0x00, 0x01, 0x00, 0x00,
    0x00, 0x02, 0x8E, 0x07, 0x00, 0xCA, 0x1F, 0x00, 0x0C, 0x7A, 0x00, 0x03,
    0x00, 0x5F, 0x00, 0x00, 0x70, 0x62, 0xF0, 0x03, 0x00, 0xE2, 0x0F, 0x00,
    0x24, 0x7A, 0x0A, 0x0A, 0x00, 0x00, 0x00, 0x00, 0x0B, 0x02, 0x8E, 0x07,
    0x00, 0xCA, 0x2F, 0x00, 0x0C, 0x7A, 0x00, 0x0A, 0x00, 0x5E, 0x00, 0x00,
    0x70, 0x66, 0x70, 0x00, 0x00, 0xDA, 0x0F, 0x00, 0x4D, 0x09, 0x00, 0x00,
    0x00, 0x00, 0x00, 0x00, 0x00, 0x00, 0x80, 0x03, 0x00, 0xEA, 0x0F, 0x00,
    0x45, 0x7A, 0x07, 0x00, 0x00, 0x5E, 0x00, 0x00, 0x00, 0x14, 0x20, 0x00,
    0x00, 0xE2, 0x0F, 0x00, 0x45, 0x79, 0x00, 0x00, 0x00, 0x01, 0x00, 0x00,
    0x00, 0x00, 0x80, 0x03, 0x00, 0xE2, 0x0F, 0x00, 0x45, 0x72, 0x00, 0x00,
    0x0A, 0x00, 0x00, 0x00, 0x00, 0x14, 0x20, 0x00, 0x00, 0xE4, 0x0F, 0x00,
    0x08, 0x73, 0x04, 0x00, 0x07, 0x00, 0x00, 0x00, 0x00, 0x10, 0x00, 0x00,
    0x00, 0x22, 0x0E, 0x00, 0x45, 0x7A, 0x02, 0x00, 0x00, 0x5A, 0x00, 0x00,
    0x00, 0x14, 0x20, 0x00, 0x00, 0xE4, 0x0F, 0x00, 0x21, 0x74, 0x05, 0x00,
    0x00, 0x00, 0x00, 0x3F, 0x00, 0x00, 0x00, 0x00, 0x00, 0xC8, 0x0F, 0x00,
    0x20, 0x72, 0x00, 0x05, 0x02, 0x00, 0x00, 0x00, 0x00, 0x00, 0x40, 0x00,
    0x00, 0xC8, 0x0F, 0x00, 0x02, 0x73, 0x00, 0x00, 0x07, 0x00, 0x00, 0x00,
    0x00, 0x00, 0x00, 0x00, 0x00, 0x62, 0x0E, 0x00, 0x23, 0x74, 0x09, 0x07,
    0x00, 0x00, 0x80, 0x3F, 0x04, 0x01, 0x00, 0x00, 0x00, 0xC8, 0x1F, 0x00,
    0x23, 0x72, 0x09, 0x04, 0x09, 0x00, 0x00, 0x00, 0x04, 0x00, 0x00, 0x00,
    0x00, 0xC8, 0x0F, 0x00, 0x23, 0x72, 0x04, 0x00, 0x09, 0x00, 0x00, 0x00,
    0xFF, 0x00, 0x00, 0x00, 0x00, 0xC8, 0x0F, 0x00, 0x23, 0x72, 0x05, 0x07,
    0x04, 0x00, 0x00, 0x00, 0x00, 0x01, 0x00, 0x00, 0x00, 0xC8, 0x0F, 0x00,
    0x23, 0x72, 0x05, 0x09, 0x05, 0x00, 0x00, 0x00, 0x04, 0x00, 0x00, 0x00,
    0x00, 0xE2, 0x0F, 0x00, 0x47, 0x89, 0x00, 0x00, 0x30, 0x00, 0x00, 0x00,
    0x00, 0x00, 0x80, 0x03, 0x00, 0xEA, 0x2F, 0x00, 0x24, 0x72, 0x05, 0xFF,
    0xFF, 0x00, 0x00, 0x00, 0x07, 0x00, 0x8E, 0x07, 0x00, 0xE2, 0x0F, 0x00,
    0x02, 0x78, 0x06, 0x00, 0xB0, 0x01, 0x00, 0x00, 0x00, 0x0F, 0x00, 0x00,
    0x00, 0xE4, 0x0F, 0x00, 0x44, 0x79, 0x00, 0x00, 0x00, 0x0B, 0x00, 0x00,
    0x00, 0x00, 0xC0, 0x03, 0x00, 0xEA, 0x0F, 0x00, 0x41, 0x79, 0x00, 0x00,
    0x00, 0x00, 0x00, 0x00, 0x00, 0x00, 0x80, 0x03, 0x00, 0xEA, 0x0F, 0x00,
    0x45, 0x7A, 0x09, 0x00, 0x00, 0x5F, 0x00, 0x00, 0x00, 0x14, 0x20, 0x00,
    0x00, 0xE2, 0x0F, 0x00, 0xB9, 0x7A, 0x0A, 0x00, 0x00, 0x46, 0x00, 0x00,
    0x00, 0x0A, 0x00, 0x00, 0x00, 0xE2, 0x0F, 0x00, 0x45, 0x72, 0x00, 0x00,
    0x03, 0x00, 0x00, 0x00, 0x00, 0x14, 0x20, 0x00, 0x00, 0xE2, 0x0F, 0x00,
    0x45, 0x79, 0x00, 0x00, 0x10, 0x01, 0x00, 0x00, 0x00, 0x00, 0x80, 0x03,
    0x00, 0xE2, 0x0F, 0x00, 0x08, 0x73, 0x06, 0x00, 0x09, 0x00, 0x00, 0x00,
    0x00, 0x10, 0x00, 0x00, 0x00, 0x22, 0x0E, 0x00, 0x45, 0x7A, 0x04, 0x00,
    0x00, 0x5B, 0x00, 0x00, 0x00, 0x14, 0x20, 0x00, 0x00, 0xE4, 0x0F, 0x00,
    0x21, 0x74, 0x07, 0x00, 0x00, 0x00, 0x00, 0x3F, 0x00, 0x00, 0x00, 0x00,
    0x00, 0xC8, 0x0F, 0x00, 0x20, 0x72, 0x00, 0x07, 0x04, 0x00, 0x00, 0x00,
    0x00, 0x00, 0x40, 0x00, 0x00, 0xE2, 0x0F, 0x00, 0x21, 0x74, 0x07, 0x05,
    0x00, 0x00, 0x00, 0xBF, 0x00, 0x00, 0x00, 0x00, 0x00, 0xC6, 0x0F, 0x00,
    0x02, 0x73, 0x00, 0x00, 0x09, 0x00, 0x00, 0x00, 0x00, 0x00, 0x00, 0x00,
    0x00, 0x62, 0x0E, 0x00, 0x23, 0x74, 0x0D, 0x09, 0x00, 0x00, 0x80, 0x3F,
    0x06, 0x01, 0x00, 0x00, 0x00, 0xC8, 0x1F, 0x00, 0x23, 0x72, 0x0D, 0x06,
    0x0D, 0x00, 0x00, 0x00, 0x06, 0x00, 0x00, 0x00, 0x00, 0xC8, 0x0F, 0x00,
    0x23, 0x72, 0x06, 0x00, 0x0D, 0x00, 0x00, 0x00, 0xFF, 0x00, 0x00, 0x00,
    0x00, 0xC8, 0x0F, 0x00, 0x23, 0x72, 0x08, 0x09, 0x06, 0x00, 0x00, 0x00,
    0x00, 0x01, 0x00, 0x00, 0x00, 0xC8, 0x0F, 0x00, 0x23, 0x72, 0x06, 0x0D,
    0x08, 0x00, 0x00, 0x00, 0x06, 0x00, 0x00, 0x00, 0x00, 0xE2, 0x0F, 0x00,
    0x47, 0x89, 0x00, 0x00, 0x40, 0x00, 0x00, 0x00, 0x00, 0x00, 0x80, 0x03,
    0x00, 0xEA, 0x2F, 0x00, 0x24, 0x72, 0x05, 0xFF, 0xFF, 0x00, 0x00, 0x00,
    0x09, 0x00, 0x8E, 0x07, 0x00, 0xE2, 0x0F, 0x00, 0x02, 0x78, 0x06, 0x00,
    0xF0, 0x02, 0x00, 0x00, 0x00, 0x0F, 0x00, 0x00, 0x00, 0xE4, 0x0F, 0x00,
    0x44, 0x79, 0x00, 0x00, 0xC0, 0x09, 0x00, 0x00, 0x00, 0x00, 0xC0, 0x03,
    0x00, 0xEA, 0x0F, 0x00, 0x24, 0x72, 0x06, 0xFF, 0xFF, 0x00, 0x00, 0x00,
    0x05, 0x00, 0x8E, 0x07, 0x00, 0xE4, 0x0F, 0x00, 0x41, 0x79, 0x00, 0x00,
    0x00, 0x00, 0x00, 0x00, 0x00, 0x00, 0x80, 0x03, 0x00, 0xEA, 0x0F, 0x00,
    0xB9, 0x7A, 0x08, 0x00, 0x00, 0x5A, 0x00, 0x00, 0x00, 0x0A, 0x00, 0x00,
    0x00, 0xE2, 0x0F, 0x00, 0x21, 0x74, 0x05, 0x02, 0x00, 0x00, 0x80, 0xBF,
    0x00, 0x00, 0x00, 0x00, 0x00, 0xE2, 0x0F, 0x00, 0x82, 0x7C, 0x04, 0x00,
    0x08, 0x00, 0x00, 0x00, 0x00, 0x00, 0x00, 0x08, 0x00, 0xE2, 0x0F, 0x00,
    0x09, 0x72, 0x02, 0xFF, 0x07, 0x00, 0x00, 0x00, 0x00, 0x00, 0x80, 0x07,
    0x00, 0xE2, 0x0F, 0x00, 0x91, 0x72, 0x04, 0x04, 0x08, 0x00, 0x00, 0x00,
    0x3F, 0x08, 0x8F, 0x0F, 0x00, 0xE2, 0x0F, 0x00, 0x24, 0x74, 0x0D, 0xFF,
    0x00, 0x00, 0x00, 0x3F, 0xFF, 0x00, 0x8E, 0x07, 0x00, 0xE2, 0x0F, 0x00,
    0x21, 0x74, 0x07, 0x07, 0x00, 0x00, 0x00, 0x3F, 0x00, 0x00, 0x00, 0x00,
    0x00, 0xE2, 0x0F, 0x00, 0x21, 0x74, 0x00, 0x06, 0x00, 0x00, 0x00, 0xBF,
    0x00, 0x00, 0x00, 0x00, 0x00, 0xE2, 0x0F, 0x00, 0x99, 0x78, 0x05, 0x3F,
    0x01, 0x00, 0x00, 0x00, 0x04, 0x14, 0x01, 0x08, 0x00, 0xE2, 0x0F, 0x00,
    0x24, 0x76, 0x09, 0xFF, 0x00, 0x5B, 0x00, 0x00, 0xFF, 0x00, 0x8E, 0x07,
    0x00, 0xE2, 0x0F, 0x00, 0x09, 0x72, 0x06, 0x02, 0x05, 0x00, 0x00, 0x00,
    0x00, 0x00, 0x80, 0x03, 0x00, 0xE2, 0x0F, 0x00, 0x23, 0x74, 0x07, 0x07,
    0x00, 0x00, 0x00, 0xBF, 0x0D, 0x00, 0x00, 0x00, 0x00, 0xE2, 0x0F, 0x08,
    0x21, 0x74, 0x04, 0x04, 0x00, 0x00, 0x80, 0xBF, 0x00, 0x00, 0x00, 0x00,
    0x00, 0xE2, 0x0F, 0x00, 0x09, 0x72, 0x05, 0xFF, 0x00, 0x00, 0x00, 0x00,
    0x00, 0x00, 0x80, 0x07, 0x00, 0xE2, 0x0F, 0x00, 0x21, 0x74, 0x00, 0x00,
    0x00, 0x00, 0x00, 0x3F, 0x00, 0x00, 0x00, 0x00, 0x00, 0xE2, 0x0F, 0x00,
    0x45, 0x7C, 0x02, 0x00, 0x05, 0x00, 0x00, 0x00, 0x00, 0x14, 0x20, 0x08,
    0x00, 0xE2, 0x0F, 0x00, 0x05, 0x73, 0x0C, 0x00, 0x06, 0x00, 0x00, 0x00,
    0x00, 0xF1, 0x20, 0x00, 0x00, 0x22, 0x0E, 0x00, 0x11, 0x7A, 0x0B, 0x09,
    0x00, 0x5B, 0x00, 0x00, 0xFF, 0x08, 0x8F, 0x07, 0x00, 0xE2, 0x0F, 0x00,
    0x23, 0x74, 0x00, 0x00, 0x00, 0x00, 0x00, 0xBF, 0x0D, 0x00, 0x00, 0x00,
    0x00, 0xE2, 0x0F, 0x00, 0x09, 0x72, 0x07, 0xFF, 0x07, 0x00, 0x00, 0x00,
    0x00, 0x00, 0x80, 0x07, 0x00, 0xE2, 0x0F, 0x00, 0x21, 0x74, 0x08, 0x02,
    0x00, 0x00, 0x80, 0xBF, 0x00, 0x00, 0x00, 0x00, 0x00, 0xE2, 0x0F, 0x00,
    0x19, 0x78, 0x14, 0xFF, 0x01, 0x00, 0x00, 0x00, 0x0B, 0x14, 0x01, 0x00,
    0x00, 0xE2, 0x0F, 0x00, 0x82, 0x78, 0x06, 0x00, 0x01, 0x00, 0x00, 0x00,
    0x00, 0x00, 0x00, 0x00, 0x00, 0xE2, 0x0F, 0x00, 0x09, 0x72, 0x05, 0x05,
    0x04, 0x00, 0x00, 0x00, 0x00, 0x00, 0x80, 0x03, 0x00, 0xE2, 0x0F, 0x00,
    0x90, 0x72, 0x04, 0x06, 0x09, 0x00, 0x00, 0x00, 0x3F, 0xE1, 0xFF, 0x0F,
    0x00, 0xE2, 0x0F, 0x00, 0x09, 0x72, 0x08, 0x07, 0x08, 0x00, 0x00, 0x00,
    0x00, 0x00, 0x80, 0x03, 0x00, 0xE2, 0x0F, 0x00, 0x90, 0x78, 0x05, 0x05,
    0xFF, 0xFF, 0xFF, 0xFF, 0x3F, 0xE0, 0xFF, 0x0F, 0x00, 0xE2, 0x0F, 0x00,
    0x45, 0x72, 0x07, 0x00, 0x14, 0x00, 0x00, 0x00, 0x00, 0x14, 0x20, 0x00,
    0x00, 0xE2, 0x0F, 0x00, 0x05, 0x73, 0x02, 0x00, 0x05, 0x00, 0x00, 0x00,
    0x00, 0xF1, 0x20, 0x00, 0x00, 0x62, 0x0E, 0x00, 0x09, 0x72, 0x00, 0xFF,
    0x00, 0x00, 0x00, 0x00, 0x00, 0x00, 0x80, 0x07, 0x00, 0xC4, 0x0F, 0x00,
    0x10, 0x78, 0x14, 0x14, 0xFF, 0xFF, 0xFF, 0xFF, 0xFF, 0xE0, 0xFF, 0x07,
    0x00, 0xE2, 0x0F, 0x00, 0x21, 0x74, 0x07, 0x07, 0x00, 0x00, 0x80, 0xBF,
    0x00, 0x00, 0x00, 0x00, 0x00, 0xE2, 0x0F, 0x00, 0x19, 0x78, 0x0D, 0xFF,
    0x1F, 0x00, 0x00, 0x00, 0x0C, 0x14, 0x01, 0x00, 0x00, 0xE4, 0x1F, 0x00,
    0x10, 0x78, 0x0B, 0x0C, 0x01, 0x00, 0x00, 0x00, 0xFF, 0xE0, 0xFF, 0x07,
    0x00, 0xE2, 0x0F, 0x00, 0x05, 0x73, 0x04, 0x00, 0x08, 0x00, 0x00, 0x00,
    0x00, 0xF1, 0x20, 0x00, 0x00, 0x22, 0x0E, 0x00, 0x09, 0x72, 0x07, 0x00,
    0x07, 0x00, 0x00, 0x00, 0x00, 0x00, 0x80, 0x03, 0x00, 0xCE, 0x0F, 0x00,
    0x05, 0x73, 0x00, 0x00, 0x07, 0x00, 0x00, 0x00, 0x00, 0xF1, 0x20, 0x00,
    0x00, 0xA2, 0x0E, 0x00, 0x25, 0x7A, 0x0E, 0x02, 0x00, 0x5A, 0x00, 0x00,
    0x0C, 0x02, 0x8E, 0x07, 0x00, 0xE2, 0x2F, 0x04, 0x10, 0x78, 0x17, 0x02,
    0x01, 0x00, 0x00, 0x00, 0xFF, 0xE0, 0xFF, 0x07, 0x00, 0xC8, 0x0F, 0x00,
    0x10, 0x7A, 0x12, 0x0E, 0x00, 0x58, 0x00, 0x00, 0xFF, 0xE0, 0xF1, 0x07,
    0x00, 0xE2, 0x0F, 0x00, 0x24, 0x78, 0x18, 0x04, 0x02, 0x00, 0x00, 0x00,
    0xFF, 0x00, 0x8E, 0x07, 0x00, 0xE2, 0x1F, 0x00, 0x17, 0x7C, 0x17, 0x17,
    0x04, 0x00, 0x00, 0x00, 0x00, 0x02, 0x80, 0x0B, 0x00, 0xE2, 0x0F, 0x00,
    0x90, 0x72, 0x04, 0x06, 0x08, 0x00, 0x00, 0x00, 0x3F, 0xE1, 0xFF, 0x0F,
    0x00, 0xE2, 0x0F, 0x00, 0x10, 0x7A, 0x13, 0x0F, 0x00, 0x59, 0x00, 0x00,
    0xFF, 0xE4, 0x7F, 0x00, 0x00, 0xE4, 0x0F, 0x00, 0x19, 0x78, 0x19, 0xFF,
    0x1F, 0x00, 0x00, 0x00, 0x18, 0x14, 0x01, 0x00, 0x00, 0xE2, 0x0F, 0x00,
    0x25, 0x7A, 0x0E, 0x17, 0x00, 0x5A, 0x00, 0x00, 0x0C, 0x02, 0x8E, 0x07,
    0x00, 0xE2, 0x0F, 0x00, 0x10, 0x78, 0x0D, 0x00, 0x01, 0x00, 0x00, 0x00,
    0xFF, 0xE0, 0xFF, 0x07, 0x00, 0xC6, 0x4F, 0x00, 0x25, 0x7A, 0x10, 0x00,
    0x00, 0x5A, 0x00, 0x00, 0x18, 0x02, 0x8E, 0x07, 0x00, 0xE2, 0x0F, 0x00,
    0x10, 0x7A, 0x1A, 0x0E, 0x00, 0x58, 0x00, 0x00, 0xFF, 0xE0, 0xF1, 0x07,
    0x00, 0xE4, 0x0F, 0x00, 0x17, 0x7C, 0x0E, 0x0B, 0x04, 0x00, 0x00, 0x00,
    0x00, 0x02, 0x80, 0x0B, 0x00, 0xE4, 0x0F, 0x00, 0x10, 0x7A, 0x1B, 0x0F,
    0x00, 0x59, 0x00, 0x00, 0xFF, 0xE4, 0x7F, 0x00, 0x00, 0xE2, 0x0F, 0x00,
    0x25, 0x7A, 0x10, 0x09, 0x00, 0x5A, 0x00, 0x00, 0x10, 0x02, 0x8E, 0x07,
    0x00, 0xE2, 0x0F, 0x00, 0x17, 0x72, 0x0B, 0x0D, 0x14, 0x00, 0x00, 0x00,
    0x00, 0x02, 0x80, 0x03, 0x00, 0xE4, 0x0F, 0x00, 0x19, 0x78, 0x0F, 0xFF,
    0x1F, 0x00, 0x00, 0x00, 0x0E, 0x14, 0x01, 0x00, 0x00, 0xE2, 0x0F, 0x00,
    0x81, 0x79, 0x0D, 0x12, 0x0A, 0x00, 0x00, 0x00, 0x00, 0x91, 0x1E, 0x0C,
    0x00, 0xA2, 0x00, 0x00, 0x10, 0x7A, 0x14, 0x10, 0x00, 0x58, 0x00, 0x00,
    0xFF, 0xE0, 0xF1, 0x07, 0x00, 0xC4, 0x0F, 0x00, 0x10, 0x78, 0x10, 0x04,
    0x01, 0x00, 0x00, 0x00, 0xFF, 0xE0, 0xFF, 0x07, 0x00, 0xE2, 0x0F, 0x00,
    0x81, 0x79, 0x1A, 0x1A, 0x0A, 0x00, 0x00, 0x00, 0x00, 0x91, 0x1E, 0x0C,
    0x00, 0xE6, 0x02, 0x00, 0x17, 0x7C, 0x16, 0x10, 0x05, 0x00, 0x00, 0x00,
    0x00, 0x02, 0x80, 0x0B, 0x00, 0xE2, 0x0F, 0x00, 0x25, 0x7A, 0x18, 0x0B,
    0x00, 0x5A, 0x00, 0x00, 0x18, 0x02, 0x8E, 0x07, 0x00, 0xE2, 0x0F, 0x00,
    0x10, 0x7A, 0x15, 0x11, 0x00, 0x59, 0x00, 0x00, 0xFF, 0xE4, 0x7F, 0x00,
    0x00, 0xE2, 0x0F, 0x00, 0xB9, 0x7A, 0x04, 0x00, 0x00, 0x5E, 0x00, 0x00,
    0x00, 0x0A, 0x00, 0x00, 0x00, 0xE4, 0x0F, 0x00, 0x24, 0x78, 0x16, 0x16,
    0x02, 0x00, 0x00, 0x00, 0xFF, 0x00, 0x8E, 0x07, 0x00, 0xE4, 0x0F, 0x00,
    0x25, 0x7A, 0x10, 0x17, 0x00, 0x5A, 0x00, 0x00, 0x0E, 0x02, 0x8E, 0x07,
    0x00, 0xE2, 0x0F, 0x00, 0x81, 0x79, 0x1C, 0x14, 0x0A, 0x00, 0x00, 0x00,
    0x00, 0x91, 0x1E, 0x0C, 0x00, 0x64, 0x09, 0x00, 0x19, 0x78, 0x17, 0xFF,
    0x1F, 0x00, 0x00, 0x00, 0x16, 0x14, 0x01, 0x00, 0x00, 0xE2, 0x0F, 0x00,
    0x25, 0x7A, 0x0E, 0x02, 0x00, 0x5A, 0x00, 0x00, 0x0E, 0x02, 0x8E, 0x07,
    0x00, 0xE2, 0x0F, 0x00, 0x81, 0x79, 0x1B, 0x14, 0x0A, 0x01, 0x00, 0x00,
    0x00, 0x91, 0x1E, 0x0C, 0x00, 0x66, 0x29, 0x00, 0x25, 0x7A, 0x12, 0x00,
    0x00, 0x5A, 0x00, 0x00, 0x16, 0x02, 0x8E, 0x07, 0x00, 0xE2, 0x1F, 0x00,
    0x10, 0x7A, 0x0E, 0x0E, 0x00, 0x58, 0x00, 0x00, 0xFF, 0xE0, 0xF1, 0x07,
    0x00, 0xC6, 0x0F, 0x00, 0x25, 0x7A, 0x18, 0x09, 0x00, 0x5A, 0x00, 0x00,
    0x18, 0x02, 0x8E, 0x07, 0x00, 0xC8, 0x0F, 0x00, 0x25, 0x7A, 0x16, 0x0B,
    0x00, 0x5A, 0x00, 0x00, 0x16, 0x02, 0x8E, 0x07, 0x00, 0xE2, 0x0F, 0x00,
    0x10, 0x7A, 0x0F, 0x0F, 0x00, 0x59, 0x00, 0x00, 0xFF, 0xE4, 0x7F, 0x00,
    0x00, 0xE4, 0x0F, 0x00, 0x10, 0x7A, 0x18, 0x18, 0x00, 0x58, 0x00, 0x00,
    0xFF, 0xE0, 0xF3, 0x07, 0x00, 0xE2, 0x0F, 0x00, 0x25, 0x7A, 0x12, 0x09,
    0x00, 0x5A, 0x00, 0x00, 0x12, 0x02, 0x8E, 0x07, 0x00, 0xE2, 0x0F, 0x04,
    0x10, 0x7A, 0x10, 0x10, 0x00, 0x58, 0x00, 0x00, 0xFF, 0xE0, 0xF1, 0x07,
    0x00, 0xE2, 0x0F, 0x00, 0x81, 0x79, 0x0E, 0x0E, 0x0A, 0x00, 0x00, 0x00,
    0x00, 0x91, 0x1E, 0x0C, 0x00, 0x64, 0x01, 0x00, 0x25, 0x7A, 0x16, 0x09,
    0x00, 0x5A, 0x00, 0x00, 0x16, 0x02, 0x8E, 0x07, 0x00, 0xE2, 0x0F, 0x00,
    0x10, 0x7A, 0x19, 0x19, 0x00, 0x59, 0x00, 0x00, 0xFF, 0xE4, 0xFF, 0x00,
    0x00, 0xE4, 0x0F, 0x00, 0x10, 0x7A, 0x11, 0x11, 0x00, 0x59, 0x00, 0x00,
    0xFF, 0xE4, 0x7F, 0x00, 0x00, 0xC4, 0x0F, 0x00, 0x10, 0x7A, 0x12, 0x12,
    0x00, 0x58, 0x00, 0x00, 0xFF, 0xE0, 0xF1, 0x07, 0x00, 0xE2, 0x0F, 0x00,
    0x81, 0x79, 0x09, 0x18, 0x0A, 0x00, 0x00, 0x00, 0x00, 0x91, 0x1E, 0x0C,
    0x00, 0x62, 0x0F, 0x00, 0x10, 0x7A, 0x16, 0x16, 0x00, 0x58, 0x00, 0x00,
    0xFF, 0xE0, 0xF3, 0x07, 0x00, 0xE4, 0x0F, 0x00, 0x10, 0x7A, 0x13, 0x13,
    0x00, 0x59, 0x00, 0x00, 0xFF, 0xE4, 0x7F, 0x00, 0x00, 0xE2, 0x0F, 0x00,
    0x81, 0x79, 0x14, 0x18, 0x0A, 0x01, 0x00, 0x00, 0x00, 0x91, 0x1E, 0x0C,
    0x00, 0x22, 0x0F, 0x01, 0x10, 0x7A, 0x17, 0x17, 0x00, 0x59, 0x00, 0x00,
    0xFF, 0xE4, 0xFF, 0x00, 0x00, 0xC6, 0x0F, 0x00, 0x81, 0x79, 0x11, 0x10,
    0x0A, 0x00, 0x00, 0x00, 0x00, 0x91, 0x1E, 0x0C, 0x00, 0x28, 0x03, 0x00,
    0x81, 0x79, 0x15, 0x12, 0x0A, 0x00, 0x00, 0x00, 0x00, 0x91, 0x1E, 0x0C,
    0x00, 0x28, 0x0F, 0x00, 0x81, 0x79, 0x1E, 0x16, 0x0A, 0x00, 0x00, 0x00,
    0x00, 0x91, 0x1E, 0x0C, 0x00, 0x28, 0x0F, 0x00, 0x81, 0x79, 0x20, 0x12,
    0x0A, 0x01, 0x00, 0x00, 0x00, 0x91, 0x1E, 0x0C, 0x00, 0x28, 0x0F, 0x00,
    0x81, 0x79, 0x21, 0x16, 0x0A, 0x01, 0x00, 0x00, 0x00, 0x91, 0x1E, 0x0C,
    0x00, 0x22, 0x0F, 0x00, 0x19, 0x78, 0x0B, 0xFF, 0x1F, 0x00, 0x00, 0x00,
    0x0A, 0x14, 0x01, 0x00, 0x00, 0xC4, 0x0F, 0x00, 0x45, 0x72, 0x00, 0x00,
    0x00, 0x00, 0x00, 0x00, 0x00, 0x14, 0x20, 0x00, 0x00, 0xE4, 0x0F, 0x00,
    0x45, 0x72, 0x10, 0x00, 0x02, 0x00, 0x00, 0x00, 0x00, 0x14, 0x20, 0x00,
    0x00, 0xE2, 0x2F, 0x00, 0x25, 0x7A, 0x0A, 0x03, 0x00, 0x5E, 0x00, 0x00,
    0x0A, 0x02, 0x8E, 0x07, 0x00, 0xE2, 0x0F, 0x00, 0x45, 0x72, 0x0F, 0x00,
    0x0C, 0x00, 0x00, 0x00, 0x00, 0x14, 0x20, 0x00, 0x00, 0xE2, 0x1F, 0x00,
    0x21, 0x72, 0x07, 0x07, 0x00, 0x00, 0x00, 0x80, 0x00, 0x00, 0x00, 0x00,
    0x00, 0xC8, 0x0F, 0x00, 0x21, 0x72, 0x06, 0x06, 0x0F, 0x00, 0x00, 0x80,
    0x00, 0x00, 0x00, 0x00, 0x00, 0xE2, 0x0F, 0x00, 0x21, 0x72, 0x05, 0x05,
    0x10, 0x00, 0x00, 0x80, 0x00, 0x00, 0x00, 0x00, 0x00, 0xE2, 0x0F, 0x00,
    0xA5, 0x72, 0x04, 0x05, 0x04, 0x00, 0x00, 0x00, 0x3F, 0x02, 0x8E, 0x0F,
    0x00, 0xC8, 0x0F, 0x00, 0x99, 0x78, 0x06, 0x04, 0x02, 0x00, 0x00, 0x00,
    0x3F, 0x06, 0x00, 0x08, 0x00, 0xE4, 0x0F, 0x00, 0x99, 0x78, 0x04, 0x04,
    0x02, 0x00, 0x00, 0x00, 0x05, 0x02, 0x01, 0x08, 0x00, 0xE2, 0x0F, 0x00,
    0x06, 0x73, 0x22, 0x00, 0x0D, 0x00, 0x00, 0x00, 0x00, 0x10, 0x10, 0x00,
    0x00, 0x70, 0x40, 0x00, 0x06, 0x73, 0x1F, 0x00, 0x1A, 0x00, 0x00, 0x00,
    0x00, 0x10, 0x10, 0x00, 0x00, 0xB0, 0x8E, 0x00, 0x06, 0x73, 0x1D, 0x00,
    0x1C, 0x00, 0x00, 0x00, 0x00, 0x10, 0x10, 0x00, 0x00, 0xF0, 0x0E, 0x02,
    0x06, 0x73, 0x0C, 0x00, 0x1B, 0x00, 0x00, 0x00, 0x00, 0x10, 0x10, 0x00,
    0x00, 0xE2, 0x0F, 0x00, 0x24, 0x78, 0x03, 0x0E, 0x01, 0x00, 0x00, 0x00,
    0x0D, 0x0A, 0x8E, 0x07, 0x00, 0xE2, 0x0F, 0x00, 0x45, 0x72, 0x0D, 0x00,
    0x04, 0x00, 0x00, 0x00, 0x00, 0x14, 0x20, 0x00, 0x00, 0xCC, 0x1F, 0x00,
    0x06, 0x73, 0x02, 0x00, 0x09, 0x00, 0x00, 0x00, 0x00, 0x10, 0x10, 0x00,
    0x00, 0x62, 0x01, 0x00, 0x45, 0x72, 0x03, 0x00, 0x03, 0x00, 0x00, 0x00,
    0x00, 0x14, 0x20, 0x00, 0x00, 0xCE, 0x0F, 0x00, 0x06, 0x73, 0x00, 0x00,
    0x14, 0x00, 0x00, 0x00, 0x00, 0x10, 0x10, 0x00, 0x00, 0x22, 0x0F, 0x01,
    0x24, 0x78, 0x11, 0x11, 0x01, 0x00, 0x00, 0x00, 0x1A, 0x0A, 0x8E, 0x07,
    0x00, 0xE4, 0x0F, 0x00, 0x24, 0x78, 0x15, 0x15, 0x01, 0x00, 0x00, 0x00,
    0x1C, 0x0A, 0x8E, 0x07, 0x00, 0xE4, 0x0F, 0x00, 0x24, 0x78, 0x1E, 0x1E,
    0x01, 0x00, 0x00, 0x00, 0x09, 0x0A, 0x8E, 0x07, 0x00, 0xE2, 0x0F, 0x00,
    0x23, 0x72, 0x22, 0x06, 0x03, 0x00, 0x00, 0x00, 0x22, 0x00, 0x00, 0x00,
    0x00, 0xE2, 0x2F, 0x00, 0x45, 0x72, 0x11, 0x00, 0x11, 0x00, 0x00, 0x00,
    0x00, 0x14, 0x20, 0x00, 0x00, 0xE2, 0x0F, 0x00, 0x24, 0x78, 0x20, 0x20,
    0x01, 0x00, 0x00, 0x00, 0x1B, 0x0A, 0x8E, 0x07, 0x00, 0xE2, 0x0F, 0x00,
    0x45, 0x72, 0x15, 0x00, 0x15, 0x00, 0x00, 0x00, 0x00, 0x14, 0x20, 0x00,
    0x00, 0xE2, 0x0F, 0x00, 0x24, 0x78, 0x21, 0x21, 0x01, 0x00, 0x00, 0x00,
    0x14, 0x0A, 0x8E, 0x07, 0x00, 0xE2, 0x0F, 0x00, 0x45, 0x72, 0x03, 0x00,
    0x1E, 0x00, 0x00, 0x00, 0x00, 0x14, 0x20, 0x00, 0x00, 0xE2, 0x0F, 0x00,
    0x21, 0x72, 0x08, 0x08, 0x0D, 0x00, 0x00, 0x80, 0x00, 0x00, 0x00, 0x00,
    0x00, 0xE2, 0x0F, 0x00, 0x45, 0x72, 0x09, 0x00, 0x20, 0x00, 0x00, 0x00,
    0x00, 0x14, 0x20, 0x00, 0x00, 0xC4, 0x1F, 0x00, 0x45, 0x72, 0x21, 0x00,
    0x21, 0x00, 0x00, 0x00, 0x00, 0x14, 0x20, 0x00, 0x00, 0xE2, 0x0F, 0x00,
    0x23, 0x72, 0x11, 0x06, 0x11, 0x00, 0x00, 0x00, 0x1F, 0x00, 0x00, 0x00,
    0x00, 0xE2, 0x4F, 0x00, 0x23, 0x72, 0x04, 0x08, 0x15, 0x00, 0x00, 0x00,
    0x1D, 0x00, 0x00, 0x00, 0x00, 0xE2, 0x8F, 0x04, 0x23, 0x72, 0x03, 0x08,
    0x03, 0x00, 0x00, 0x00, 0x02, 0x00, 0x00, 0x00, 0x00, 0xE2, 0x0F, 0x06,
    0x23, 0x72, 0x0C, 0x08, 0x09, 0x00, 0x00, 0x00, 0x0C, 0x00, 0x00, 0x00,
    0x00, 0xE2, 0x0F, 0x04, 0x23, 0x72, 0x21, 0x08, 0x21, 0x00, 0x00, 0x00,
    0x00, 0x00, 0x00, 0x00, 0x00, 0xE2, 0x0F, 0x01, 0x21, 0x72, 0x11, 0x22,
    0x11, 0x00, 0x00, 0x00, 0x00, 0x01, 0x00, 0x00, 0x00, 0xE2, 0x0F, 0x00,
    0x21, 0x72, 0x03, 0x04, 0x03, 0x00, 0x00, 0x00, 0x00, 0x01, 0x00, 0x00,
    0x00, 0xE4, 0x0F, 0x00, 0x21, 0x72, 0x21, 0x0C, 0x21, 0x00, 0x00, 0x00,
    0x00, 0x01, 0x00, 0x00, 0x00, 0xE2, 0x0F, 0x00, 0x23, 0x72, 0x05, 0x05,
    0x11, 0x00, 0x00, 0x00, 0x22, 0x00, 0x00, 0x00, 0x00, 0xE2, 0x0F, 0x00,
    0x23, 0x72, 0x03, 0x07, 0x03, 0x00, 0x00, 0x00, 0x04, 0x00, 0x00, 0x00,
    0x00, 0xE2, 0x0F, 0x04, 0x11, 0x7A, 0x0E, 0x0A, 0x00, 0x5C, 0x00, 0x00,
    0xFF, 0x10, 0x80, 0x07, 0x00, 0xE2, 0x0F, 0x04, 0x23, 0x72, 0x21, 0x07,
    0x21, 0x00, 0x00, 0x00, 0x0C, 0x00, 0x00, 0x00, 0x00, 0xE2, 0x0F, 0x00,
    0x21, 0x74, 0x05, 0x05, 0x00, 0x00, 0x80, 0xC1, 0x00, 0x00, 0x00, 0x00,
    0x00, 0xE2, 0x0F, 0x00, 0x21, 0x74, 0x03, 0x03, 0x00, 0x00, 0x00, 0xC3,
    0x00, 0x00, 0x00, 0x00, 0x00, 0xE2, 0x0F, 0x00, 0x11, 0x7A, 0x0F, 0x0A,
    0x00, 0x5D, 0x00, 0x00, 0x0B, 0x14, 0x0F, 0x00, 0x00, 0xE2, 0x0F, 0x00,
    0x21, 0x74, 0x21, 0x21, 0x00, 0x00, 0x00, 0xC3, 0x00, 0x00, 0x00, 0x00,
    0x00, 0xE2, 0x0F, 0x00, 0x10, 0x7C, 0x02, 0x0E, 0x06, 0x00, 0x00, 0x00,
    0xFF, 0xE0, 0xF1, 0x0F, 0x00, 0xE2, 0x0F, 0x00, 0x20, 0x78, 0x05, 0x05,
    0x25, 0xA0, 0x95, 0x3B, 0x00, 0x00, 0x40, 0x00, 0x00, 0xE2, 0x0F, 0x00,
    0x20, 0x78, 0x00, 0x03, 0x25, 0x49, 0x92, 0x3B, 0x00, 0x00, 0x40, 0x00,
    0x00, 0xE2, 0x0F, 0x00, 0x20, 0x78, 0x06, 0x21, 0x25, 0x49, 0x92, 0x3B,
    0x00, 0x00, 0x40, 0x00, 0x00, 0xE2, 0x0F, 0x00, 0x10, 0x7C, 0x03, 0x0F,
    0x04, 0x00, 0x00, 0x00, 0xFF, 0xE4, 0x7F, 0x08, 0x00, 0xC4, 0x0F, 0x00,
    0x23, 0x78, 0x09, 0x00, 0x92, 0xCB, 0x3F, 0xBE, 0x05, 0x00, 0x00, 0x00,
    0x00, 0xE2, 0x0F, 0x10, 0x10, 0x7C, 0x04, 0x02, 0x06, 0x00, 0x00, 0x00,
    0xFF, 0xE0, 0xF1, 0x0F, 0x00, 0xE2, 0x0F, 0x00, 0x23, 0x78, 0x07, 0x06,
    0x0C, 0x93, 0xC9, 0x3F, 0x05, 0x20, 0x00, 0x00, 0x00, 0xE2, 0x0F, 0x10,
    0x23, 0x78, 0x0B, 0x00, 0x4D, 0x84, 0xED, 0x3F, 0x05, 0x20, 0x00, 0x00,
    0x00, 0xE2, 0x0F, 0x00, 0x23, 0x78, 0x09, 0x06, 0xCE, 0xAA, 0xEF, 0xBE,
    0x09, 0x20, 0x00, 0x00, 0x00, 0xE2, 0x0F, 0x00, 0x10, 0x7C, 0x05, 0x03,
    0x04, 0x00, 0x00, 0x00, 0xFF, 0xE4, 0x7F, 0x08, 0x00, 0xE4, 0x0F, 0x00,
    0x86, 0x79, 0x00, 0x0E, 0x07, 0x00, 0x00, 0x00, 0x0A, 0x19, 0x10, 0x0C,
    0x00, 0xE8, 0x0F, 0x00, 0x86, 0x79, 0x00, 0x02, 0x09, 0x00, 0x00, 0x00,
    0x0A, 0x19, 0x10, 0x0C, 0x00, 0xE8, 0x0F, 0x00, 0x86, 0x79, 0x00, 0x04,
    0x0B, 0x00, 0x00, 0x00, 0x0A, 0x19, 0x10, 0x0C, 0x00, 0xE2, 0x0F, 0x00,
    0x4D, 0x79, 0x00, 0x00, 0x00, 0x00, 0x00, 0x00, 0x00, 0x00, 0x80, 0x03,
    0x00, 0xEA, 0x0F, 0x00, 0x19, 0x78, 0x09, 0xFF, 0x17, 0x00, 0x00, 0x00,
    0x05, 0x16, 0x01, 0x00, 0x00, 0xE2, 0x0F, 0x00, 0x45, 0x79, 0x01, 0x00,
    0x20, 0x06, 0x00, 0x00, 0x00, 0x00, 0x80, 0x03, 0x00, 0xE2, 0x0F, 0x00,
    0x19, 0x78, 0x08, 0xFF, 0x17, 0x00, 0x00, 0x00, 0x00, 0x16, 0x01, 0x00,
    0x00, 0xC4, 0x0F, 0x00, 0x12, 0x78, 0x10, 0x09, 0xFF, 0x00, 0x00, 0x00,
    0xFF, 0xC0, 0x8E, 0x07, 0x00, 0xE4, 0x0F, 0x00, 0x12, 0x78, 0x0E, 0x08,
    0xFF, 0x00, 0x00, 0x00, 0xFF, 0xC0, 0x8E, 0x07, 0x00, 0xE4, 0x0F, 0x00,
    0x10, 0x78, 0x0C, 0x10, 0xFF, 0xFF, 0xFF, 0xFF, 0xFF, 0xE0, 0xFF, 0x07,
    0x00, 0xE4, 0x0F, 0x00, 0x10, 0x78, 0x09, 0x0E, 0xFF, 0xFF, 0xFF, 0xFF,
    0xFF, 0xE0, 0xFF, 0x07, 0x00, 0xE4, 0x0F, 0x00, 0x0C, 0x78, 0x00, 0x0C,
    0xFD, 0x00, 0x00, 0x00, 0x70, 0x40, 0xF0, 0x03, 0x00, 0xC8, 0x0F, 0x00,
    0x0C, 0x78, 0x00, 0x09, 0xFD, 0x00, 0x00, 0x00, 0x70, 0x44, 0x70, 0x00,
    0x00, 0xDA, 0x0F, 0x00, 0x24, 0x82, 0x08, 0xFF, 0xFF, 0x00, 0x00, 0x00,
    0xFF, 0x00, 0x8E, 0x07, 0x00, 0xE2, 0x0F, 0x00, 0x47, 0x89, 0x00, 0x00,
    0x70, 0x01, 0x00, 0x00, 0x00, 0x00, 0x80, 0x03, 0x00, 0xEA, 0x0F, 0x00,
    0x0B, 0x78, 0x00, 0x00, 0x00, 0x00, 0x80, 0x7F, 0x00, 0xC2, 0xF1, 0x03,
    0x00, 0xE4, 0x0F, 0x00, 0x0B, 0x78, 0x00, 0x05, 0x00, 0x00, 0x80, 0x7F,
    0x00, 0xC2, 0xF3, 0x03, 0x00, 0xC8, 0x0F, 0x00, 0x1C, 0x78, 0x00, 0x00,
    0x00, 0x00, 0x00, 0x00, 0x70, 0x35, 0x70, 0x00, 0x00, 0xDA, 0x0F, 0x00,
    0x47, 0x09, 0x00, 0x00, 0x30, 0x05, 0x00, 0x00, 0x00, 0x00, 0x80, 0x03,
    0x00, 0xEA, 0x0F, 0x00, 0x12, 0x78, 0xFF, 0x05, 0xFF, 0xFF, 0xFF, 0x7F,
    0x00, 0xC8, 0x80, 0x07, 0x00, 0xDA, 0x0F, 0x00, 0x47, 0x89, 0x00, 0x00,
    0xF0, 0x04, 0x00, 0x00, 0x00, 0x00, 0x80, 0x03, 0x00, 0xEA, 0x0F, 0x00,
    0x0B, 0x78, 0x00, 0x00, 0x00, 0x00, 0x80, 0x7F, 0x00, 0xD2, 0xF5, 0x03,
    0x00, 0xE4, 0x0F, 0x04, 0x0B, 0x78, 0x00, 0x05, 0x00, 0x00, 0x80, 0x7F,
    0x00, 0xD2, 0xF3, 0x03, 0x00, 0xE4, 0x0F, 0x00, 0x0B, 0x78, 0x00, 0x00,
    0x00, 0x00, 0x80, 0x7F, 0x00, 0xD2, 0xF1, 0x03, 0x00, 0xD6, 0x0F, 0x00,
    0x47, 0x99, 0x00, 0x00, 0xB0, 0x04, 0x00, 0x00, 0x00, 0x00, 0x00, 0x05,
    0x00, 0xEA, 0x0F, 0x00, 0x12, 0x78, 0xFF, 0x00, 0xFF, 0xFF, 0xFF, 0x7F,
    0xFF, 0xC0, 0x84, 0x07, 0x00, 0xC8, 0x0F, 0x00, 0x1C, 0x78, 0x00, 0x00,
    0x00, 0x00, 0x00, 0x00, 0x72, 0x45, 0xF2, 0x00, 0x00, 0xDA, 0x0F, 0x00,
    0x47, 0x19, 0x00, 0x00, 0x60, 0x04, 0x00, 0x00, 0x00, 0x00, 0x80, 0x03,
    0x00, 0xEA, 0x0F, 0x00, 0x12, 0x78, 0xFF, 0x05, 0xFF, 0xFF, 0xFF, 0x7F,
    0xFF, 0xC0, 0x82, 0x07, 0x00, 0xC8, 0x0F, 0x00, 0x1C, 0x78, 0x00, 0x00,
    0x00, 0x00, 0x00, 0x00, 0x72, 0x25, 0x70, 0x00, 0x00, 0xDA, 0x0F, 0x00,
    0x47, 0x09, 0x00, 0x00, 0x00, 0x04, 0x00, 0x00, 0x00, 0x00, 0x80, 0x03,
    0x00, 0xEA, 0x0F, 0x00, 0x0C, 0x72, 0x00, 0x09, 0xFF, 0x00, 0x00, 0x00,
    0x70, 0x62, 0xF0, 0x03, 0x00, 0xE4, 0x0F, 0x00, 0x0C, 0x72, 0x00, 0x0C,
    0xFF, 0x00, 0x00, 0x00, 0x70, 0x62, 0xF2, 0x03, 0x00, 0xD6, 0x0F, 0x00,
    0x24, 0x02, 0x08, 0xFF, 0xFF, 0x00, 0x00, 0x00, 0xFF, 0x00, 0x8E, 0x07,
    0x00, 0xE2, 0x0F, 0x00, 0x23, 0x88, 0x00, 0x00, 0x00, 0x00, 0x80, 0x5F,
    0xFF, 0x00, 0x00, 0x00, 0x00, 0xE2, 0x0F, 0x00, 0x24, 0x84, 0x08, 0xFF,
    0xC0, 0xFF, 0xFF, 0xFF, 0xFF, 0x00, 0x8E, 0x07, 0x00, 0xE2, 0x0F, 0x00,
    0x23, 0x98, 0x05, 0x05, 0x00, 0x00, 0x80, 0x5F, 0xFF, 0x00, 0x00, 0x00,
    0x00, 0xC8, 0x0F, 0x00, 0x10, 0x98, 0x08, 0x08, 0x40, 0x00, 0x00, 0x00,
    0xFF, 0xE0, 0xFF, 0x07, 0x00, 0xE4, 0x0F, 0x00, 0x11, 0x78, 0x0C, 0x10,
    0x00, 0x00, 0x80, 0xC0, 0xFF, 0xB8, 0x8E, 0x07, 0x00, 0xE2, 0x0F, 0x00,
    0x45, 0x79, 0x02, 0x00, 0x60, 0x03, 0x00, 0x00, 0x00, 0x00, 0x80, 0x03,
    0x00, 0xE8, 0x0F, 0x00, 0x24, 0x78, 0x0C, 0x05, 0x01, 0x00, 0x00, 0x00,
    0x0C, 0x0A, 0x8E, 0x07, 0x00, 0xE2, 0x0F, 0x00, 0x10, 0x78, 0x05, 0x0E,
    0x81, 0xFF, 0xFF, 0xFF, 0xFF, 0xE0, 0xFF, 0x07, 0x00, 0xC6, 0x0F, 0x00,
    0x08, 0x73, 0x09, 0x00, 0x0C, 0x00, 0x00, 0x00, 0x00, 0x10, 0x00, 0x00,
    0x00, 0x22, 0x0E, 0x00, 0x21, 0x72, 0x0D, 0x0C, 0xFF, 0x00, 0x00, 0x80,
    0x00, 0x01, 0x01, 0x00, 0x00, 0xE2, 0x0F, 0x00, 0x24, 0x78, 0x00, 0x05,
    0x00, 0x00, 0x80, 0xFF, 0x00, 0x02, 0x8E, 0x07, 0x00, 0xE2, 0x0F, 0x04,
    0x10, 0x78, 0x05, 0x05, 0x7F, 0x00, 0x00, 0x00, 0x10, 0xE8, 0xFF, 0x07,
    0x00, 0xCA, 0x0F, 0x00, 0x24, 0x78, 0x05, 0x05, 0x01, 0x00, 0x00, 0x00,
    0x08, 0x02, 0x8E, 0x07, 0x00, 0xE2, 0x0F, 0x00, 0x23, 0x74, 0x0E, 0x09,
    0x00, 0x00, 0x80, 0x3F, 0x0D, 0x00, 0x00, 0x00, 0x00, 0xC8, 0x1F, 0x00,
    0x23, 0x72, 0x12, 0x09, 0x0E, 0x00, 0x00, 0x00, 0x09, 0x00, 0x00, 0x00,
    0x00, 0xC8, 0x0F, 0x00, 0x23, 0x72, 0x09, 0x00, 0x12, 0x00, 0x00, 0x00,
    0xFF, 0x00, 0x00, 0x00, 0x00, 0xC8, 0x0F, 0x00, 0x23, 0x72, 0x0E, 0x0D,
    0x09, 0x00, 0x00, 0x00, 0x00, 0x00, 0x00, 0x00, 0x00, 0xC8, 0x0F, 0x00,
    0x23, 0x72, 0x0F, 0x12, 0x0E, 0x00, 0x00, 0x00, 0x09, 0x00, 0x00, 0x00,
    0x00, 0xC8, 0x0F, 0x00, 0x23, 0x72, 0x0E, 0x0D, 0x0F, 0x00, 0x00, 0x00,
    0x00, 0x00, 0x00, 0x00, 0x00, 0xC8, 0x0F, 0x00, 0x23, 0x72, 0x09, 0x12,
    0x0E, 0x00, 0x00, 0x00, 0x0F, 0x00, 0x00, 0x00, 0x00, 0xCA, 0x0F, 0x00,
    0x19, 0x78, 0x00, 0xFF, 0x17, 0x00, 0x00, 0x00, 0x09, 0x16, 0x01, 0x00,
    0x00, 0xC8, 0x0F, 0x00, 0x12, 0x78, 0x00, 0x00, 0xFF, 0x00, 0x00, 0x00,
    0xFF, 0xC0, 0x8E, 0x07, 0x00, 0xCA, 0x0F, 0x00, 0x24, 0x78, 0x0C, 0x00,
    0x01, 0x00, 0x00, 0x00, 0x05, 0x02, 0x8E, 0x07, 0x00, 0xCA, 0x0F, 0x00,
    0x10, 0x78, 0x00, 0x0C, 0xFF, 0xFF, 0xFF, 0xFF, 0xFF, 0xE0, 0xFF, 0x07,
    0x00, 0xC8, 0x0F, 0x00, 0x0C, 0x78, 0x00, 0x00, 0xFE, 0x00, 0x00, 0x00,
    0x70, 0x60, 0xF0, 0x03, 0x00, 0xDA, 0x0F, 0x00, 0x47, 0x89, 0x00, 0x00,
    0x00, 0x02, 0x00, 0x00, 0x00, 0x00, 0x80, 0x03, 0x00, 0xEA, 0x0F, 0x00,
    0x0C, 0x78, 0x00, 0x0C, 0xFE, 0x00, 0x00, 0x00, 0x70, 0x42, 0xF0, 0x03,
    0x00, 0xDA, 0x0F, 0x00, 0x47, 0x09, 0x00, 0x00, 0xB0, 0x01, 0x00, 0x00,
    0x00, 0x00, 0x80, 0x03, 0x00, 0xEA, 0x0F, 0x00, 0x0C, 0x78, 0x00, 0x0C,
    0x01, 0x00, 0x00, 0x00, 0x70, 0x62, 0xF0, 0x03, 0x00, 0xDA, 0x0F, 0x00,
    0x47, 0x09, 0x00, 0x00, 0xD0, 0x01, 0x00, 0x00, 0x00, 0x00, 0x80, 0x03,
    0x00, 0xEA, 0x0F, 0x00, 0x0C, 0x78, 0x00, 0x0C, 0xE8, 0xFF, 0xFF, 0xFF,
    0x70, 0x62, 0xF0, 0x03, 0x00, 0xE4, 0x0F, 0x00, 0x12, 0x78, 0x09, 0x09,
    0x00, 0x00, 0x00, 0x80, 0xFF, 0xC0, 0x8E, 0x07, 0x00, 0xD6, 0x0F, 0x00,
    0x47, 0x89, 0x00, 0x00, 0xA0, 0x01, 0x00, 0x00, 0x00, 0x00, 0x80, 0x03,
    0x00, 0xEA, 0x0F, 0x00, 0x23, 0x72, 0x00, 0x12, 0x0E, 0x00, 0x00, 0x00,
    0x0F, 0xC0, 0x00, 0x00, 0x00, 0xE2, 0x0F, 0x18, 0x10, 0x78, 0x0D, 0x0C,
    0x20, 0x00, 0x00, 0x00, 0xFF, 0xE0, 0xFF, 0x07, 0x00, 0xE2, 0x0F, 0x00,
    0x23, 0x72, 0x05, 0x12, 0x0E, 0x00, 0x00, 0x00, 0x0F, 0x40, 0x00, 0x00,
    0x00, 0xE2, 0x0F, 0x18, 0x0C, 0x72, 0x00, 0x0C, 0xFF, 0x00, 0x00, 0x00,
    0x70, 0x52, 0xF4, 0x03, 0x00, 0xE4, 0x0F, 0x00, 0x12, 0x78, 0x08, 0x00,
    0xFF, 0xFF, 0x7F, 0x00, 0xFF, 0xC0, 0x8E, 0x07, 0x00, 0xE2, 0x0F, 0x00,
    0x23, 0x72, 0x00, 0x12, 0x0E, 0x00, 0x00, 0x00, 0x0F, 0x80, 0x00, 0x00,
    0x00, 0xE2, 0x0F, 0x00, 0x0C, 0x72, 0x00, 0x0C, 0xFF, 0x00, 0x00, 0x00,
    0x70, 0x52, 0xF2, 0x03, 0x00, 0xE2, 0x0F, 0x00, 0x24, 0x72, 0x0C, 0xFF,
    0xFF, 0x00, 0x00, 0x00, 0x0C, 0x0A, 0x8E, 0x07, 0x00, 0xE2, 0x0F, 0x00,
    0x12, 0x78, 0x08, 0x08, 0x00, 0x00, 0x80, 0x00, 0xFF, 0xFC, 0x8E, 0x07,
    0x00, 0xE4, 0x0F, 0x00, 0x0B, 0x72, 0x00, 0x00, 0x05, 0x00, 0x00, 0x00,
    0x00, 0xD0, 0xF1, 0x03, 0x00, 0xC4, 0x0F, 0x00, 0x19, 0x72, 0x0D, 0x08,
    0x0D, 0x00, 0x00, 0x00, 0xFF, 0x06, 0x00, 0x00, 0x00, 0xE4, 0x0F, 0x00,
    0x07, 0x72, 0x05, 0x0C, 0xFF, 0x00, 0x00, 0x00, 0x00, 0x00, 0x00, 0x01,
    0x00, 0xE4, 0x0F, 0x00, 0x0C, 0x72, 0x00, 0x0D, 0xFF, 0x00, 0x00, 0x00,
    0x70, 0x52, 0xF2, 0x00, 0x00, 0xE4, 0x0F, 0x00, 0x19, 0x72, 0x05, 0xFF,
    0x05, 0x00, 0x00, 0x00, 0x08, 0x16, 0x01, 0x00, 0x00, 0xE4, 0x0F, 0x00,
    0x1C, 0x78, 0x00, 0x00, 0x00, 0x00, 0x00, 0x00, 0x70, 0x35, 0x70, 0x00,
    0x00, 0xE4, 0x0F, 0x00, 0x19, 0x78, 0x0D, 0xFF, 0x01, 0x00, 0x00, 0x00,
    0x05, 0x16, 0x01, 0x00, 0x00, 0xC4, 0x0F, 0x00, 0x07, 0x78, 0x00, 0xFF,
    0x01, 0x00, 0x00, 0x00, 0x00, 0x00, 0x00, 0x04, 0x00, 0xC8, 0x0F, 0x00,
    0x12, 0x78, 0x00, 0x00, 0x01, 0x00, 0x00, 0x00, 0x0D, 0xF8, 0x8E, 0x07,
    0x00, 0xC8, 0x0F, 0x00, 0x12, 0x72, 0x00, 0x00, 0x05, 0x00, 0x00, 0x00,
    0xFF, 0xC0, 0x8E, 0x07, 0x00, 0xCA, 0x0F, 0x00, 0x24, 0x78, 0x00, 0x0D,
    0x01, 0x00, 0x00, 0x00, 0x00, 0x02, 0x8E, 0x07, 0x00, 0xCA, 0x0F, 0x00,
    0x12, 0x72, 0x09, 0x00, 0x09, 0x00, 0x00, 0x00, 0xFF, 0xFC, 0x8E, 0x07,
    0x00, 0xE2, 0x0F, 0x00, 0x47, 0x79, 0x00, 0x00, 0x40, 0x00, 0x00, 0x00,
    0x00, 0x00, 0x80, 0x03, 0x00, 0xEA, 0x0F, 0x00, 0x12, 0x78, 0x09, 0x09,
    0x00, 0x00, 0x00, 0x80, 0xFF, 0xC0, 0x8E, 0x07, 0x00, 0xC8, 0x0F, 0x00,
    0x12, 0x78, 0x09, 0x09, 0x00, 0x00, 0x80, 0x7F, 0xFF, 0xFC, 0x8E, 0x07,
    0x00, 0xE2, 0x0F, 0x00, 0x47, 0x79, 0x00, 0x00, 0x10, 0x00, 0x00, 0x00,
    0x00, 0x00, 0x80, 0x03, 0x00, 0xEA, 0x0F, 0x00, 0x24, 0x78, 0x09, 0x05,
    0x00, 0x00, 0x80, 0x00, 0x09, 0x02, 0x8E, 0x07, 0x00, 0xE4, 0x0F, 0x00,
    0x41, 0x79, 0x02, 0x00, 0x00, 0x00, 0x00, 0x00, 0x00, 0x00, 0x80, 0x03,
    0x00, 0xEA, 0x0F, 0x00, 0x47, 0x79, 0x00, 0x00, 0x80, 0x00, 0x00, 0x00,
    0x00, 0x00, 0x80, 0x03, 0x00, 0xEA, 0x0F, 0x00, 0x12, 0x78, 0x00, 0x05,
    0x00, 0x00, 0x00, 0x80, 0x00, 0x48, 0x8E, 0x07, 0x00, 0xC8, 0x0F, 0x00,
    0x12, 0x78, 0x09, 0x00, 0x00, 0x00, 0x80, 0x7F, 0xFF, 0xFC, 0x8E, 0x07,
    0x00, 0xE2, 0x0F, 0x00, 0x47, 0x79, 0x00, 0x00, 0x50, 0x00, 0x00, 0x00,
    0x00, 0x00, 0x80, 0x03, 0x00, 0xEA, 0x0F, 0x00, 0x12, 0x78, 0x09, 0x05,
    0x00, 0x00, 0x00, 0x80, 0x00, 0x48, 0x8E, 0x07, 0x00, 0xE2, 0x0F, 0x00,
    0x47, 0x79, 0x00, 0x00, 0x30, 0x00, 0x00, 0x00, 0x00, 0x00, 0x80, 0x03,
    0x00, 0xEA, 0x0F, 0x00, 0x08, 0x79, 0x09, 0x00, 0x00, 0x00, 0xC0, 0xFF,
    0x00, 0x14, 0x00, 0x00, 0x00, 0x22, 0x0E, 0x00, 0x47, 0x79, 0x00, 0x00,
    0x10, 0x00, 0x00, 0x00, 0x00, 0x00, 0x80, 0x03, 0x00, 0xEA, 0x0F, 0x00,
    0x21, 0x72, 0x09, 0x00, 0x05, 0x00, 0x00, 0x00, 0x00, 0x00, 0x01, 0x00,
    0x00, 0xE4, 0x0F, 0x00, 0x41, 0x79, 0x01, 0x00, 0x00, 0x00, 0x00, 0x00,
    0x00, 0x00, 0x80, 0x03, 0x00, 0xEA, 0x0F, 0x00, 0x24, 0x72, 0x05, 0xFF,
    0xFF, 0x00, 0x00, 0x00, 0x09, 0x00, 0x8E, 0x07, 0x00, 0xE4, 0x1F, 0x00,
    0x24, 0x72, 0x08, 0xFF, 0xFF, 0x00, 0x00, 0x00, 0x06, 0x00, 0x8E, 0x07,
    0x00, 0xE4, 0x0F, 0x00, 0x24, 0x74, 0x09, 0xFF, 0x00, 0x00, 0x00, 0x00,
    0xFF, 0x00, 0x8E, 0x07, 0x00, 0xC8, 0x0F, 0x00, 0x50, 0x79, 0x00, 0x08,
    0xD0, 0xEC, 0xFF, 0xFF, 0xFF, 0xFF, 0xC3, 0x03, 0x00, 0xEA, 0x0F, 0x00,
    0x47, 0x79, 0x00, 0x00, 0xF0, 0xFF, 0xFF, 0xFF, 0xFF, 0xFF, 0x83, 0x03,
    0x00, 0xC0, 0x0F, 0x00, 0x18, 0x79, 0x00, 0x00, 0x00, 0x00, 0x00, 0x00,
    0x00, 0x00, 0x00, 0x00, 0x00, 0xC0, 0x0F, 0x00, 0x18, 0x79, 0x00, 0x00,
    0x00, 0x00, 0x00, 0x00, 0x00, 0x00, 0x00, 0x00, 0x00, 0xC0, 0x0F, 0x00,
    0x18, 0x79, 0x00, 0x00, 0x00, 0x00, 0x00, 0x00, 0x00, 0x00, 0x00, 0x00,
    0x00, 0xC0, 0x0F, 0x00, 0x18, 0x79, 0x00, 0x00, 0x00, 0x00, 0x00, 0x00,
    0x00, 0x00, 0x00, 0x00, 0x00, 0xC0, 0x0F, 0x00, 0x18, 0x79, 0x00, 0x00,
    0x00, 0x00, 0x00, 0x00, 0x00, 0x00, 0x00, 0x00, 0x00, 0xC0, 0x0F, 0x00,
    0x18, 0x79, 0x00, 0x00, 0x00, 0x00, 0x00, 0x00, 0x00, 0x00, 0x00, 0x00,
    0x00, 0xC0, 0x0F, 0x00, 0x18, 0x79, 0x00, 0x00, 0x00, 0x00, 0x00, 0x00,
    0x00, 0x00, 0x00, 0x00, 0x00, 0xC0, 0x0F, 0x00, 0x18, 0x79, 0x00, 0x00,
    0x00, 0x00, 0x00, 0x00, 0x00, 0x00, 0x00, 0x00, 0x00, 0xC0, 0x0F, 0x00,
    0x18, 0x79, 0x00, 0x00, 0x00, 0x00, 0x00, 0x00, 0x00, 0x00, 0x00, 0x00,
    0x00, 0xC0, 0x0F, 0x00, 0x18, 0x79, 0x00, 0x00, 0x00, 0x00, 0x00, 0x00,
    0x00, 0x00, 0x00, 0x00, 0x00, 0xC0, 0x0F, 0x00, 0x18, 0x79, 0x00, 0x00,
    0x00, 0x00, 0x00, 0x00, 0x00, 0x00, 0x00, 0x00, 0x00, 0xC0, 0x0F, 0x00,
    0x18, 0x79, 0x00, 0x00, 0x00, 0x00, 0x00, 0x00, 0x00, 0x00, 0x00, 0x00,
    0x00, 0xC0, 0x0F, 0x00, 0x24, 0x76, 0x01, 0xFF, 0x00, 0x0A, 0x00, 0x00,
    0xFF, 0x00, 0x8E, 0x07, 0x00, 0xE4, 0x0F, 0x00, 0x19, 0x79, 0x08, 0x00,
    0x00, 0x00, 0x00, 0x00, 0x00, 0x26, 0x00, 0x00, 0x00, 0x28, 0x0E, 0x00,
    0x19, 0x79, 0x05, 0x00, 0x00, 0x00, 0x00, 0x00, 0x00, 0x22, 0x00, 0x00,
    0x00, 0x28, 0x0E, 0x00, 0x19, 0x79, 0x02, 0x00, 0x00, 0x00, 0x00, 0x00,
    0x00, 0x25, 0x00, 0x00, 0x00, 0x68, 0x0E, 0x00, 0x19, 0x79, 0x03, 0x00,
    0x00, 0x00, 0x00, 0x00, 0x00, 0x21, 0x00, 0x00, 0x00, 0x62, 0x0E, 0x00,
    0x24, 0x7A, 0x08, 0x08, 0x00, 0x01, 0x00, 0x00, 0x05, 0x02, 0x8E, 0x07,
    0x00, 0xCA, 0x1F, 0x00, 0x0C, 0x7A, 0x00, 0x08, 0x00, 0x61, 0x00, 0x00,
    0x70, 0x62, 0xF0, 0x03, 0x00, 0xE2, 0x0F, 0x00, 0x24, 0x7A, 0x02, 0x02,
    0x00, 0x00, 0x00, 0x00, 0x03, 0x02, 0x8E, 0x07, 0x00, 0xCA, 0x2F, 0x00,
    0x0C, 0x7A, 0x00, 0x02, 0x00, 0x60, 0x00, 0x00, 0x70, 0x66, 0x70, 0x00,
    0x00, 0xDA, 0x0F, 0x00, 0x4D, 0x09, 0x00, 0x00, 0x00, 0x00, 0x00, 0x00,
    0x00, 0x00, 0x80, 0x03, 0x00, 0xEA, 0x0F, 0x00, 0x24, 0x76, 0x0E, 0xFF,
    0x00, 0x60, 0x00, 0x00, 0xFF, 0x00, 0x8E, 0x07, 0x00, 0xE2, 0x0F, 0x00,
    0x19, 0x78, 0x03, 0xFF, 0x1F, 0x00, 0x00, 0x00, 0x02, 0x14, 0x01, 0x00,
    0x00, 0xE2, 0x0F, 0x00, 0x24, 0x76, 0x0C, 0xFF, 0x00, 0x61, 0x00, 0x00,
    0xFF, 0x00, 0x8E, 0x07, 0x00, 0xE2, 0x0F, 0x00, 0xB9, 0x7A, 0x08, 0x00,
    0x00, 0x46, 0x00, 0x00, 0x00, 0x0A, 0x00, 0x00, 0x00, 0xE2, 0x0F, 0x00,
    0x19, 0x78, 0x00, 0xFF, 0x1F, 0x00, 0x00, 0x00, 0x08, 0x14, 0x01, 0x00,
    0x00, 0xE4, 0x0F, 0x00, 0x0C, 0x7A, 0x00, 0x0E, 0x00, 0x5A, 0x00, 0x00,
    0x70, 0x22, 0xF4, 0x03, 0x00, 0xE2, 0x0F, 0x00, 0x25, 0x7A, 0x06, 0x08,
    0x00, 0x60, 0x00, 0x00, 0x02, 0x02, 0x8E, 0x07, 0x00, 0xE2, 0x0F, 0x00,
    0x0C, 0x7A, 0x00, 0x0C, 0x00, 0x5B, 0x00, 0x00, 0x70, 0x52, 0xF0, 0x03,
    0x00, 0xE4, 0x0F, 0x00, 0x19, 0x78, 0x0E, 0xFF, 0x1F, 0x00, 0x00, 0x00,
    0x0E, 0x14, 0x01, 0x00, 0x00, 0xC4, 0x0F, 0x00, 0x11, 0x7A, 0x04, 0x06,
    0x00, 0x5E, 0x00, 0x00, 0xFF, 0x10, 0x82, 0x07, 0x00, 0xE4, 0x0F, 0x04,
    0x19, 0x78, 0x0D, 0xFF, 0x1F, 0x00, 0x00, 0x00, 0x0C, 0x14, 0x01, 0x00,
    0x00, 0xE4, 0x0F, 0x00, 0x11, 0x7A, 0x05, 0x06, 0x00, 0x5F, 0x00, 0x00,
    0x07, 0x14, 0x8F, 0x00, 0x00, 0xCA, 0x0F, 0x00, 0x47, 0x89, 0x00, 0x00,
    0x90, 0x08, 0x00, 0x00, 0x00, 0x00, 0x00, 0x01, 0x00, 0xEA, 0x0F, 0x00,
    0x45, 0x7A, 0x09, 0x00, 0x00, 0x60, 0x00, 0x00, 0x00, 0x14, 0x20, 0x00,
    0x00, 0xE2, 0x0F, 0x00, 0x45, 0x79, 0x00, 0x00, 0x10, 0x01, 0x00, 0x00,
    0x00, 0x00, 0x80, 0x03, 0x00, 0xE2, 0x0F, 0x00, 0x45, 0x72, 0x03, 0x00,
    0x02, 0x00, 0x00, 0x00, 0x00, 0x14, 0x20, 0x00, 0x00, 0xE4, 0x0F, 0x00,
    0x08, 0x73, 0x0A, 0x00, 0x09, 0x00, 0x00, 0x00, 0x00, 0x10, 0x00, 0x00,
    0x00, 0x22, 0x0E, 0x00, 0x45, 0x7A, 0x02, 0x00, 0x00, 0x5A, 0x00, 0x00,
    0x00, 0x14, 0x20, 0x00, 0x00, 0xE4, 0x0F, 0x00, 0x21, 0x74, 0x03, 0x03,
    0x00, 0x00, 0x00, 0x3F, 0x00, 0x00, 0x00, 0x00, 0x00, 0xC8, 0x0F, 0x00,
    0x20, 0x72, 0x00, 0x03, 0x02, 0x00, 0x00, 0x00, 0x00, 0x00, 0x40, 0x00,
    0x00, 0xC8, 0x0F, 0x00, 0x02, 0x73, 0x00, 0x00, 0x09, 0x00, 0x00, 0x00,
    0x00, 0x00, 0x00, 0x00, 0x00, 0x62, 0x0E, 0x00, 0x23, 0x74, 0x0B, 0x09,
    0x00, 0x00, 0x80, 0x3F, 0x0A, 0x01, 0x00, 0x00, 0x00, 0xC8, 0x1F, 0x00,
    0x23, 0x72, 0x0B, 0x0A, 0x0B, 0x00, 0x00, 0x00, 0x0A, 0x00, 0x00, 0x00,
    0x00, 0xC8, 0x0F, 0x00, 0x23, 0x72, 0x0A, 0x00, 0x0B, 0x00, 0x00, 0x00,
    0xFF, 0x00, 0x00, 0x00, 0x00, 0xC8, 0x0F, 0x00, 0x23, 0x72, 0x03, 0x09,
    0x0A, 0x00, 0x00, 0x00, 0x00, 0x01, 0x00, 0x00, 0x00, 0xC8, 0x0F, 0x00,
    0x23, 0x72, 0x03, 0x0B, 0x03, 0x00, 0x00, 0x00, 0x0A, 0x00, 0x00, 0x00,
    0x00, 0xE2, 0x0F, 0x00, 0x47, 0x89, 0x00, 0x00, 0x40, 0x00, 0x00, 0x00,
    0x00, 0x00, 0x80, 0x03, 0x00, 0xEA, 0x2F, 0x00, 0x24, 0x72, 0x03, 0xFF,
    0xFF, 0x00, 0x00, 0x00, 0x09, 0x00, 0x8E, 0x07, 0x00, 0xE2, 0x0F, 0x00,
    0x02, 0x78, 0x0A, 0x00, 0x80, 0x02, 0x00, 0x00, 0x00, 0x0F, 0x00, 0x00,
    0x00, 0xE4, 0x0F, 0x00, 0x44, 0x79, 0x00, 0x00, 0x90, 0x09, 0x00, 0x00,
    0x00, 0x00, 0xC0, 0x03, 0x00, 0xEA, 0x0F, 0x00, 0x24, 0x72, 0x03, 0xFF,
    0xFF, 0x00, 0x00, 0x00, 0x00, 0x00, 0x8E, 0x07, 0x00, 0xE4, 0x1F, 0x00,
    0x41, 0x79, 0x00, 0x00, 0x00, 0x00, 0x00, 0x00, 0x00, 0x00, 0x80, 0x03,
    0x00, 0xEA, 0x0F, 0x00, 0x45, 0x7A, 0x0B, 0x00, 0x00, 0x61, 0x00, 0x00,
    0x00, 0x14, 0x20, 0x00, 0x00, 0xE2, 0x0F, 0x00, 0x21, 0x74, 0x03, 0x03,
    0x00, 0x00, 0x00, 0xBF, 0x00, 0x00, 0x00, 0x00, 0x00, 0xE2, 0x0F, 0x00,
    0x45, 0x72, 0x00, 0x00, 0x08, 0x00, 0x00, 0x00, 0x00, 0x14, 0x20, 0x00,
    0x00, 0xE2, 0x0F, 0x00, 0x21, 0x74, 0x0C, 0x02, 0x00, 0x00, 0x80, 0xBF,
    0x00, 0x00, 0x00, 0x00, 0x00, 0xE2, 0x0F, 0x00, 0x08, 0x73, 0x0A, 0x00,
    0x0B, 0x00, 0x00, 0x00, 0x00, 0x10, 0x00, 0x00, 0x00, 0x22, 0x0E, 0x00,
    0x45, 0x7A, 0x08, 0x00, 0x00, 0x5B, 0x00, 0x00, 0x00, 0x14, 0x20, 0x00,
    0x00, 0xE2, 0x0F, 0x00, 0x45, 0x79, 0x00, 0x00, 0x00, 0x01, 0x00, 0x00,
    0x00, 0x00, 0x80, 0x03, 0x00, 0xE2, 0x0F, 0x00, 0x21, 0x74, 0x09, 0x00,
    0x00, 0x00, 0x00, 0x3F, 0x00, 0x00, 0x00, 0x00, 0x00, 0xE2, 0x0F, 0x00,
    0x09, 0x72, 0x03, 0xFF, 0x03, 0x00, 0x00, 0x00, 0x00, 0x00, 0x80, 0x07,
    0x00, 0xC6, 0x0F, 0x00, 0x20, 0x72, 0x00, 0x09, 0x08, 0x00, 0x00, 0x00,
    0x00, 0x00, 0x40, 0x00, 0x00, 0xE2, 0x0F, 0x00, 0x09, 0x72, 0x0C, 0x03,
    0x0C, 0x00, 0x00, 0x00, 0x00, 0x00, 0x80, 0x03, 0x00, 0xC6, 0x0F, 0x00,
    0x02, 0x73, 0x00, 0x00, 0x0B, 0x00, 0x00, 0x00, 0x00, 0x00, 0x00, 0x00,
    0x00, 0x62, 0x0E, 0x00, 0x23, 0x74, 0x0F, 0x0B, 0x00, 0x00, 0x80, 0x3F,
    0x0A, 0x01, 0x00, 0x00, 0x00, 0xC8, 0x1F, 0x00, 0x23, 0x72, 0x0F, 0x0A,
    0x0F, 0x00, 0x00, 0x00, 0x0A, 0x00, 0x00, 0x00, 0x00, 0xC8, 0x0F, 0x00,
    0x23, 0x72, 0x0A, 0x00, 0x0F, 0x00, 0x00, 0x00, 0xFF, 0x00, 0x00, 0x00,
    0x00, 0xC8, 0x0F, 0x00, 0x23, 0x72, 0x02, 0x0B, 0x0A, 0x00, 0x00, 0x00,
    0x00, 0x01, 0x00, 0x00, 0x00, 0xC8, 0x0F, 0x00, 0x23, 0x72, 0x02, 0x0F,
    0x02, 0x00, 0x00, 0x00, 0x0A, 0x00, 0x00, 0x00, 0x00, 0xE2, 0x0F, 0x00,
    0x47, 0x89, 0x00, 0x00, 0x40, 0x00, 0x00, 0x00, 0x00, 0x00, 0x80, 0x03,
    0x00, 0xEA, 0x2F, 0x00, 0x24, 0x72, 0x03, 0xFF, 0xFF, 0x00, 0x00, 0x00,
    0x0B, 0x00, 0x8E, 0x07, 0x00, 0xE2, 0x0F, 0x00, 0x02, 0x78, 0x0A, 0x00,
    0xF0, 0x03, 0x00, 0x00, 0x00, 0x0F, 0x00, 0x00, 0x00, 0xE4, 0x0F, 0x00,
    0x44, 0x79, 0x00, 0x00, 0x20, 0x08, 0x00, 0x00, 0x00, 0x00, 0xC0, 0x03,
    0x00, 0xEA, 0x0F, 0x00, 0x24, 0x72, 0x02, 0xFF, 0xFF, 0x00, 0x00, 0x00,
    0x00, 0x00, 0x8E, 0x07, 0x00, 0xE4, 0x1F, 0x00, 0x41, 0x79, 0x00, 0x00,
    0x00, 0x00, 0x00, 0x00, 0x00, 0x00, 0x80, 0x03, 0x00, 0xEA, 0x0F, 0x00,
    0x21, 0x74, 0x02, 0x02, 0x00, 0x00, 0x00, 0xBF, 0x00, 0x00, 0x00, 0x00,
    0x00, 0xE2, 0x0F, 0x00, 0x05, 0x73, 0x18, 0x00, 0x0C, 0x00, 0x00, 0x00,
    0x00, 0xF1, 0x20, 0x00, 0x00, 0x22, 0x0E, 0x00, 0x21, 0x74, 0x11, 0x08,
    0x00, 0x00, 0x80, 0xBF, 0x00, 0x00, 0x00, 0x00, 0x00, 0xE2, 0x0F, 0x00,
    0x82, 0x78, 0x05, 0x00, 0x01, 0x00, 0x00, 0x00, 0x00, 0x00, 0x00, 0x00,
    0x00, 0xE4, 0x0F, 0x00, 0x09, 0x72, 0x02, 0xFF, 0x02, 0x00, 0x00, 0x00,
    0x00, 0x00, 0x80, 0x07, 0x00, 0xE2, 0x0F, 0x00, 0xB9, 0x7A, 0x06, 0x00,
    0x00, 0x5A, 0x00, 0x00, 0x00, 0x0A, 0x00, 0x00, 0x00, 0xE4, 0x0F, 0x00,
    0x90, 0x72, 0x04, 0x05, 0x06, 0x00, 0x00, 0x00, 0x3F, 0xE1, 0xFF, 0x0F,
    0x00, 0xE2, 0x0F, 0x00, 0x09, 0x72, 0x11, 0x02, 0x11, 0x00, 0x00, 0x00,
    0x00, 0x00, 0x80, 0x03, 0x00, 0xC8, 0x0F, 0x00, 0x05, 0x73, 0x00, 0x00,
    0x11, 0x00, 0x00, 0x00, 0x00, 0xF1, 0x20, 0x00, 0x00, 0x62, 0x0E, 0x00,
    0x10, 0x78, 0x03, 0x18, 0x01, 0x00, 0x00, 0x00, 0xFF, 0xE0, 0xFF, 0x07,
    0x00, 0xE2, 0x1F, 0x04, 0x24, 0x78, 0x02, 0x18, 0x03, 0x00, 0x00, 0x00,
    0xFF, 0x02, 0x8E, 0x07, 0x00, 0xC6, 0x0F, 0x00, 0x17, 0x7C, 0x08, 0x03,
    0x04, 0x00, 0x00, 0x00, 0x00, 0x02, 0x80, 0x0B, 0x00, 0xE2, 0x0F, 0x00,
    0x90, 0x72, 0x04, 0x05, 0x07, 0x00, 0x00, 0x00, 0x3F, 0xE1, 0xFF, 0x0F,
    0x00, 0xE2, 0x0F, 0x00, 0x19, 0x78, 0x03, 0xFF, 0x1F, 0x00, 0x00, 0x00,
    0x02, 0x14, 0x01, 0x00, 0x00, 0xC6, 0x0F, 0x00, 0x24, 0x78, 0x08, 0x08,
    0x03, 0x00, 0x00, 0x00, 0xFF, 0x02, 0x8E, 0x07, 0x00, 0xE4, 0x0F, 0x00,
    0x25, 0x7A, 0x0A, 0x00, 0x00, 0x5C, 0x00, 0x00, 0x02, 0x02, 0x8E, 0x07,
    0x00, 0xE2, 0x2F, 0x04, 0x10, 0x78, 0x0F, 0x00, 0x01, 0x00, 0x00, 0x00,
    0xFF, 0xE0, 0xFF, 0x07, 0x00, 0xE4, 0x0F, 0x00, 0x19, 0x78, 0x09, 0xFF,
    0x1F, 0x00, 0x00, 0x00, 0x08, 0x14, 0x01, 0x00, 0x00, 0xE4, 0x0F, 0x10,
    0x10, 0x7A, 0x1A, 0x0A, 0x00, 0x58, 0x00, 0x00, 0xFF, 0xE0, 0xF1, 0x07,
    0x00, 0xE4, 0x0F, 0x00, 0x17, 0x7C, 0x0F, 0x0F, 0x04, 0x00, 0x00, 0x00,
    0x00, 0x02, 0x80, 0x0B, 0x00, 0xE2, 0x0F, 0x00, 0x25, 0x7A, 0x12, 0x00,
    0x00, 0x5C, 0x00, 0x00, 0x08, 0x02, 0x8E, 0x07, 0x00, 0xE2, 0x0F, 0x00,
    0x10, 0x7A, 0x1B, 0x0B, 0x00, 0x59, 0x00, 0x00, 0xFF, 0xE4, 0x7F, 0x00,
    0x00, 0xC6, 0x0F, 0x00, 0x25, 0x7A, 0x0A, 0x0F, 0x00, 0x5C, 0x00, 0x00,
    0x02, 0x02, 0x8E, 0x07, 0x00, 0xE2, 0x0F, 0x04, 0x10, 0x7A, 0x02, 0x12,
    0x00, 0x58, 0x00, 0x00, 0xFF, 0xE0, 0xF1, 0x07, 0x00, 0xE2, 0x0F, 0x00,
    0x81, 0x79, 0x19, 0x1A, 0x08, 0x00, 0x00, 0x00, 0x00, 0x91, 0x1E, 0x0C,
    0x00, 0xA4, 0x00, 0x00, 0x25, 0x7A, 0x08, 0x0F, 0x00, 0x5C, 0x00, 0x00,
    0x08, 0x02, 0x8E, 0x07, 0x00, 0xE2, 0x0F, 0x00, 0x10, 0x7A, 0x0A, 0x0A,
    0x00, 0x58, 0x00, 0x00, 0xFF, 0xE0, 0xF3, 0x07, 0x00, 0xE2, 0x0F, 0x00,
    0x81, 0x79, 0x10, 0x1A, 0x08, 0x01, 0x00, 0x00, 0x00, 0x91, 0x1E, 0x0C,
    0x00, 0xE2, 0x00, 0x00, 0x10, 0x7A, 0x03, 0x13, 0x00, 0x59, 0x00, 0x00,
    0xFF, 0xE4, 0x7F, 0x00, 0x00, 0xE4, 0x0F, 0x00, 0x10, 0x7A, 0x0B, 0x0B,
    0x00, 0x59, 0x00, 0x00, 0xFF, 0xE4, 0xFF, 0x00, 0x00, 0xE2, 0x0F, 0x00,
    0x81, 0x79, 0x14, 0x1A, 0x08, 0x02, 0x00, 0x00, 0x00, 0x91, 0x1E, 0x0C,
    0x00, 0x22, 0x01, 0x00, 0x10, 0x7A, 0x08, 0x08, 0x00, 0x58, 0x00, 0x00,
    0xFF, 0xE0, 0xF1, 0x07, 0x00, 0xC6, 0x0F, 0x00, 0x81, 0x79, 0x15, 0x0A,
    0x08, 0x00, 0x00, 0x00, 0x00, 0x91, 0x1E, 0x0C, 0x00, 0x62, 0x03, 0x00,
    0x10, 0x7A, 0x09, 0x09, 0x00, 0x59, 0x00, 0x00, 0xFF, 0xE4, 0x7F, 0x00,
    0x00, 0xC6, 0x0F, 0x00, 0x81, 0x79, 0x12, 0x0A, 0x08, 0x01, 0x00, 0x00,
    0x00, 0x91, 0x1E, 0x0C, 0x00, 0x28, 0x03, 0x00, 0x81, 0x79, 0x17, 0x0A,
    0x08, 0x02, 0x00, 0x00, 0x00, 0x91, 0x1E, 0x0C, 0x00, 0x28, 0x03, 0x00,
    0x81, 0x79, 0x20, 0x02, 0x08, 0x00, 0x00, 0x00, 0x00, 0x91, 0x1E, 0x0C,
    0x00, 0x28, 0x01, 0x00, 0x81, 0x79, 0x16, 0x08, 0x08, 0x00, 0x00, 0x00,
    0x00, 0x91, 0x1E, 0x0C, 0x00, 0x28, 0x01, 0x00, 0x81, 0x79, 0x13, 0x02,
    0x08, 0x01, 0x00, 0x00, 0x00, 0x91, 0x1E, 0x0C, 0x00, 0x28, 0x03, 0x00,
    0x81, 0x79, 0x1D, 0x08, 0x08, 0x01, 0x00, 0x00, 0x00, 0x91, 0x1E, 0x0C,
    0x00, 0x28, 0x03, 0x00, 0x81, 0x79, 0x1B, 0x02, 0x08, 0x02, 0x00, 0x00,
    0x00, 0x91, 0x1E, 0x0C, 0x00, 0x28, 0x13, 0x00, 0x81, 0x79, 0x1C, 0x08,
    0x08, 0x02, 0x00, 0x00, 0x00, 0x91, 0x1E, 0x0C, 0x00, 0x22, 0x01, 0x00,
    0x24, 0x7A, 0x0F, 0x0D, 0x00, 0x60, 0x00, 0x00, 0xFF, 0x02, 0x8E, 0x07,
    0x00, 0xC4, 0x0F, 0x00, 0x24, 0x76, 0x21, 0xFF, 0x00, 0x61, 0x00, 0x00,
    0xFF, 0x00, 0x8E, 0x07, 0x00, 0xE4, 0x0F, 0x00, 0x24, 0x7A, 0x1F, 0x0E,
    0x00, 0x61, 0x00, 0x00, 0x0F, 0x02, 0x8E, 0x07, 0x00, 0xE4, 0x0F, 0x00,
    0x25, 0x7A, 0x0E, 0x21, 0x00, 0x60, 0x00, 0x00, 0xFF, 0x00, 0x8E, 0x07,
    0x00, 0xCA, 0x0F, 0x00, 0x11, 0x72, 0x02, 0x0E, 0x06, 0x00, 0x00, 0x00,
    0xFF, 0x08, 0x80, 0x07, 0x00, 0xE4, 0x2F, 0x00, 0x45, 0x72, 0x06, 0x00,
    0x00, 0x00, 0x00, 0x00, 0x00, 0x14, 0x20, 0x00, 0x00, 0xE4, 0x0F, 0x00,
    0x45, 0x72, 0x0B, 0x00, 0x18, 0x00, 0x00, 0x00, 0x00, 0x14, 0x20, 0x00,
    0x00, 0xE2, 0x0F, 0x00, 0x24, 0x78, 0x03, 0x0F, 0x01, 0x00, 0x00, 0x00,
    0x1F, 0x02, 0x8E, 0x07, 0x00, 0xE4, 0x0F, 0x00, 0x21, 0x72, 0x11, 0x11,
    0x06, 0x00, 0x00, 0x80, 0x00, 0x00, 0x00, 0x00, 0x00, 0xE4, 0x0F, 0x00,
    0x21, 0x72, 0x09, 0x0C, 0x0B, 0x00, 0x00, 0x80, 0x00, 0x00, 0x00, 0x00,
    0x00, 0xE2, 0x1F, 0x00, 0x11, 0x72, 0x07, 0x0E, 0x07, 0x00, 0x00, 0x00,
    0x03, 0x0C, 0x0F, 0x00, 0x00, 0xC4, 0x0F, 0x00, 0x19, 0x78, 0x03, 0x0E,
    0x02, 0x00, 0x00, 0x00, 0x03, 0x02, 0x01, 0x00, 0x00, 0xE2, 0x0F, 0x00,
    0x06, 0x73, 0x1E, 0x00, 0x19, 0x00, 0x00, 0x00, 0x00, 0x10, 0x10, 0x00,
    0x00, 0x30, 0x4E, 0x00, 0x06, 0x73, 0x1A, 0x00, 0x10, 0x00, 0x00, 0x00,
    0x00, 0x10, 0x10, 0x00, 0x00, 0xF0, 0x8F, 0x00, 0x06, 0x73, 0x0A, 0x00,
    0x15, 0x00, 0x00, 0x00, 0x00, 0x10, 0x10, 0x00, 0x00, 0x70, 0x0E, 0x02,
    0x06, 0x73, 0x00, 0x00, 0x12, 0x00, 0x00, 0x00, 0x00, 0x10, 0x10, 0x00,
    0x00, 0xA2, 0x0E, 0x01, 0x24, 0x78, 0x20, 0x20, 0x01, 0x00, 0x00, 0x00,
    0x19, 0x0A, 0x8E, 0x07, 0x00, 0xC4, 0x0F, 0x00, 0x24, 0x78, 0x16, 0x16,
    0x01, 0x00, 0x00, 0x00, 0x15, 0x0A, 0x8E, 0x07, 0x00, 0xCA, 0x0F, 0x00,
    0x06, 0x73, 0x0D, 0x00, 0x14, 0x00, 0x00, 0x00, 0x00, 0x10, 0x10, 0x00,
    0x00, 0xE2, 0x0E, 0x00, 0x24, 0x78, 0x13, 0x13, 0x01, 0x00, 0x00, 0x00,
    0x10, 0x0A, 0x8E, 0x07, 0x00, 0xCE, 0x0F, 0x00, 0x06, 0x73, 0x08, 0x00,
    0x17, 0x00, 0x00, 0x00, 0x00, 0x10, 0x10, 0x00, 0x00, 0x22, 0x0F, 0x00,
    0x24, 0x78, 0x1D, 0x1D, 0x01, 0x00, 0x00, 0x00, 0x12, 0x0A, 0x8E, 0x07,
    0x00, 0xE4, 0x0F, 0x00, 0x24, 0x78, 0x1B, 0x1B, 0x01, 0x00, 0x00, 0x00,
    0x14, 0x0A, 0x8E, 0x07, 0x00, 0xE4, 0x0F, 0x00, 0x24, 0x78, 0x1C, 0x1C,
    0x01, 0x00, 0x00, 0x00, 0x17, 0x0A, 0x8E, 0x07, 0x00, 0xE2, 0x0F, 0x00,
    0x45, 0x72, 0x20, 0x00, 0x20, 0x00, 0x00, 0x00, 0x00, 0x14, 0x20, 0x00,
    0x00, 0xE4, 0x0F, 0x00, 0x45, 0x72, 0x16, 0x00, 0x16, 0x00, 0x00, 0x00,
    0x00, 0x14, 0x20, 0x00, 0x00, 0xE4, 0x0F, 0x00, 0x45, 0x72, 0x13, 0x00,
    0x13, 0x00, 0x00, 0x00, 0x00, 0x14, 0x20, 0x00, 0x00, 0xC4, 0x0F, 0x00,
    0x45, 0x72, 0x1D, 0x00, 0x1D, 0x00, 0x00, 0x00, 0x00, 0x14, 0x20, 0x00,
    0x00, 0xE4, 0x0F, 0x00, 0x45, 0x72, 0x06, 0x00, 0x1B, 0x00, 0x00, 0x00,
    0x00, 0x14, 0x20, 0x00, 0x00, 0xE4, 0x0F, 0x00, 0x45, 0x72, 0x0F, 0x00,
    0x1C, 0x00, 0x00, 0x00, 0x00, 0x14, 0x20, 0x00, 0x00, 0xE2, 0x0F, 0x00,
    0x23, 0x72, 0x1E, 0x09, 0x20, 0x00, 0x00, 0x00, 0x1E, 0x00, 0x00, 0x00,
    0x00, 0xE2, 0x1F, 0x04, 0x23, 0x72, 0x0B, 0x09, 0x16, 0x00, 0x00, 0x00,
    0x0A, 0x00, 0x00, 0x00, 0x00, 0xE2, 0x2F, 0x04, 0x23, 0x72, 0x1A, 0x09,
    0x13, 0x00, 0x00, 0x00, 0x1A, 0x00, 0x00, 0x00, 0x00, 0xE2, 0x0F, 0x04,
    0x23, 0x72, 0x1D, 0x09, 0x1D, 0x00, 0x00, 0x00, 0x00, 0x00, 0x00, 0x00,
    0x00, 0xE2, 0x4F, 0x04, 0x23, 0x72, 0x0A, 0x09, 0x06, 0x00, 0x00, 0x00,
    0x0D, 0x00, 0x00, 0x00, 0x00, 0xE2, 0x8F, 0x04, 0x23, 0x72, 0x0F, 0x09,
    0x0F, 0x00, 0x00, 0x00, 0x08, 0x00, 0x00, 0x00, 0x00, 0xE2, 0x0F, 0x01,
    0x11, 0x7A, 0x06, 0x02, 0x00, 0x5E, 0x00, 0x00, 0xFF, 0x10, 0x80, 0x07,
    0x00, 0xE2, 0x0F, 0x00, 0x21, 0x72, 0x0B, 0x1E, 0x0B, 0x00, 0x00, 0x00,
    0x00, 0x01, 0x00, 0x00, 0x00, 0xE2, 0x0F, 0x00, 0x21, 0x72, 0x1D, 0x1A,
    0x1D, 0x00, 0x00, 0x00, 0x00, 0x01, 0x00, 0x00, 0x00, 0xE2, 0x0F, 0x00,
    0x21, 0x72, 0x0F, 0x0A, 0x0F, 0x00, 0x00, 0x00, 0x00, 0x01, 0x00, 0x00,
    0x00, 0xE2, 0x0F, 0x00, 0x11, 0x7A, 0x07, 0x02, 0x00, 0x5F, 0x00, 0x00,
    0x07, 0x14, 0x0F, 0x00, 0x00, 0xE2, 0x0F, 0x00, 0x23, 0x72, 0x0B, 0x11,
    0x0B, 0x00, 0x00, 0x00, 0x1E, 0x00, 0x00, 0x00, 0x00, 0xE2, 0x0F, 0x04,
    0x11, 0x72, 0x0E, 0x0E, 0x06, 0x00, 0x00, 0x00, 0xFF, 0x11, 0x80, 0x07,
    0x00, 0xE2, 0x0F, 0x00, 0x23, 0x72, 0x1D, 0x11, 0x1D, 0x00, 0x00, 0x00,
    0x1A, 0x00, 0x00, 0x00, 0x00, 0xE2, 0x0F, 0x04, 0x23, 0x72, 0x0A, 0x11,
    0x0F, 0x00, 0x00, 0x00, 0x0A, 0x00, 0x00, 0x00, 0x00, 0xE2, 0x0F, 0x00,
    0x20, 0x78, 0x0B, 0x0B, 0x81, 0x80, 0x80, 0x3B, 0x00, 0x00, 0x40, 0x00,
    0x00, 0xC4, 0x0F, 0x00, 0x24, 0x78, 0x0F, 0x07, 0x01, 0x00, 0x00, 0x00,
    0x03, 0x0E, 0x0E, 0x00, 0x00, 0xE2, 0x0F, 0x00, 0x20, 0x78, 0x1D, 0x1D,
    0x81, 0x80, 0x80, 0x3B, 0x00, 0x00, 0x40, 0x00, 0x00, 0xE2, 0x0F, 0x00,
    0x20, 0x78, 0x03, 0x0A, 0x81, 0x80, 0x80, 0x3B, 0x00, 0x00, 0x40, 0x00,
    0x00, 0xE2, 0x0F, 0x00, 0x86, 0x79, 0x00, 0x06, 0x0B, 0x00, 0x00, 0x00,
    0x08, 0x19, 0x10, 0x0C, 0x00, 0xE8, 0x0F, 0x00, 0x86, 0x79, 0x00, 0x0E,
    0x1D, 0x00, 0x00, 0x00, 0x08, 0x19, 0x10, 0x0C, 0x00, 0xE8, 0x0F, 0x00,
    0x86, 0x79, 0x00, 0x04, 0x03, 0x00, 0x00, 0x00, 0x08, 0x19, 0x10, 0x0C,
    0x00, 0xE2, 0x0F, 0x00, 0x4D, 0x79, 0x00, 0x00, 0x00, 0x00, 0x00, 0x00,
    0x00, 0x00, 0x80, 0x03, 0x00, 0xEA, 0x0F, 0x00, 0x24, 0x78, 0x07, 0x03,
    0x03, 0x00, 0x00, 0x00, 0xFF, 0x02, 0x8E, 0x07, 0x00, 0xE2, 0x0F, 0x00,
    0xB9, 0x7A, 0x04, 0x00, 0x00, 0x5C, 0x00, 0x00, 0x00, 0x08, 0x00, 0x00,
    0x00, 0xE2, 0x0F, 0x00, 0x25, 0x78, 0x02, 0x02, 0x03, 0x00, 0x00, 0x00,
    0xFF, 0x00, 0x8E, 0x07, 0x00, 0xE2, 0x0F, 0x00, 0x99, 0x78, 0x04, 0x3F,
    0x1F, 0x00, 0x00, 0x00, 0x04, 0x14, 0x01, 0x08, 0x00, 0xC6, 0x0F, 0x00,
    0x24, 0x78, 0x03, 0x03, 0x01, 0x00, 0x00, 0x00, 0x07, 0x02, 0x8E, 0x07,
    0x00, 0xC6, 0x0F, 0x00, 0x24, 0x7C, 0x07, 0x08, 0x04, 0x00, 0x00, 0x00,
    0xFF, 0x02, 0x8E, 0x0F, 0x00, 0xE4, 0x0F, 0x04, 0x25, 0x7A, 0x08, 0x08,
    0x00, 0x5C, 0x00, 0x00, 0x02, 0x00, 0x8E, 0x07, 0x00, 0xC8, 0x0F, 0x00,
    0x24, 0x7A, 0x07, 0x00, 0x00, 0x5C, 0x00, 0x00, 0x07, 0x02, 0x8E, 0x07,
    0x00, 0xE2, 0x0F, 0x00, 0x10, 0x7A, 0x02, 0x08, 0x00, 0x58, 0x00, 0x00,
    0xFF, 0xE0, 0xF1, 0x07, 0x00, 0xC8, 0x0F, 0x00, 0x10, 0x7A, 0x03, 0x09,
    0x00, 0x59, 0x00, 0x00, 0x07, 0xE4, 0x7F, 0x00, 0x00, 0xCA, 0x0F, 0x00,
    0x81, 0x79, 0x00, 0x02, 0x08, 0x02, 0x00, 0x00, 0x00, 0x91, 0x1E, 0x0C,
    0x00, 0xA8, 0x0E, 0x00, 0x81, 0x79, 0x0A, 0x02, 0x08, 0x01, 0x00, 0x00,
    0x00, 0x91, 0x1E, 0x0C, 0x00, 0xE8, 0x0E, 0x00, 0x81, 0x79, 0x0B, 0x02,
    0x08, 0x00, 0x00, 0x00, 0x00, 0x91, 0x1E, 0x0C, 0x00, 0x22, 0x01, 0x00,
    0x24, 0x7A, 0x0D, 0x0D, 0x00, 0x60, 0x00, 0x00, 0xFF, 0x02, 0x8E, 0x07,
    0x00, 0xE4, 0x0F, 0x00, 0x25, 0x7A, 0x08, 0x0C, 0x00, 0x60, 0x00, 0x00,
    0xFF, 0x00, 0x8E, 0x07, 0x00, 0xC8, 0x0F, 0x00, 0x24, 0x7A, 0x0D, 0x0E,
    0x00, 0x61, 0x00, 0x00, 0x0D, 0x02, 0x8E, 0x07, 0x00, 0xE4, 0x0F, 0x00,
    0x24, 0x78, 0x07, 0x08, 0x04, 0x00, 0x00, 0x00, 0xFF, 0x00, 0x8E, 0x07,
    0x00, 0xE4, 0x0F, 0x00, 0x24, 0x78, 0x0D, 0x09, 0x01, 0x00, 0x00, 0x00,
    0x0D, 0x02, 0x8E, 0x07, 0x00, 0xC6, 0x0F, 0x00, 0x10, 0x72, 0x06, 0x07,
    0x04, 0x00, 0x00, 0x00, 0xFF, 0xE0, 0xF1, 0x07, 0x00, 0xE4, 0x0F, 0x04,
    0x19, 0x78, 0x0D, 0x08, 0x02, 0x00, 0x00, 0x00, 0x0D, 0x02, 0x01, 0x00,
    0x00, 0xE4, 0x0F, 0x00, 0x10, 0x72, 0x08, 0x07, 0x06, 0x00, 0x00, 0x00,
    0xFF, 0xE0, 0xF3, 0x07, 0x00, 0xC6, 0x0F, 0x00, 0x24, 0x78, 0x07, 0x0D,
    0x01, 0x00, 0x00, 0x00, 0x05, 0x06, 0x0E, 0x00, 0x00, 0xC8, 0x0F, 0x00,
    0x24, 0x78, 0x09, 0x0D, 0x01, 0x00, 0x00, 0x00, 0x07, 0x06, 0x8E, 0x00,
    0x00, 0xE2, 0x0F, 0x00, 0x45, 0x72, 0x00, 0x00, 0x00, 0x00, 0x00, 0x00,
    0x00, 0x10, 0x20, 0x00, 0x00, 0xE4, 0x4F, 0x00, 0x45, 0x72, 0x0A, 0x00,
    0x0A, 0x00, 0x00, 0x00, 0x00, 0x10, 0x20, 0x00, 0x00, 0xC6, 0x8F, 0x00,
    0x20, 0x78, 0x03, 0x00, 0x81, 0x80, 0x80, 0x3B, 0x00, 0x00, 0x40, 0x00,
    0x00, 0xE2, 0x1F, 0x00, 0x45, 0x72, 0x02, 0x00, 0x0B, 0x00, 0x00, 0x00,
    0x00, 0x10, 0x20, 0x00, 0x00, 0xE2, 0x0F, 0x01, 0x20, 0x78, 0x0B, 0x0A,
    0x81, 0x80, 0x80, 0x3B, 0x00, 0x00, 0x40, 0x00, 0x00, 0xC6, 0x0F, 0x00,
    0x86, 0x79, 0x00, 0x04, 0x03, 0x00, 0x00, 0x00, 0x08, 0x19, 0x10, 0x0C,
    0x00, 0xE2, 0x0F, 0x00, 0x20, 0x78, 0x0D, 0x02, 0x81, 0x80, 0x80, 0x3B,
    0x00, 0x00, 0x40, 0x00, 0x00, 0xC6, 0x0F, 0x00, 0x86, 0x79, 0x00, 0x06,
    0x0B, 0x00, 0x00, 0x00, 0x08, 0x19, 0x10, 0x0C, 0x00, 0xE8, 0x0F, 0x00,
    0x86, 0x79, 0x00, 0x08, 0x0D, 0x00, 0x00, 0x00, 0x08, 0x19, 0x10, 0x0C,
    0x00, 0xE2, 0x0F, 0x00, 0x4D, 0x79, 0x00, 0x00, 0x00, 0x00, 0x00, 0x00,
    0x00, 0x00, 0x80, 0x03, 0x00, 0xEA, 0x0F, 0x00, 0x19, 0x78, 0x0B, 0xFF,
    0x17, 0x00, 0x00, 0x00, 0x03, 0x16, 0x01, 0x00, 0x00, 0xE2, 0x0F, 0x00,
    0x45, 0x79, 0x01, 0x00, 0x20, 0x06, 0x00, 0x00, 0x00, 0x00, 0x80, 0x03,
    0x00, 0xE2, 0x0F, 0x00, 0x19, 0x78, 0x09, 0xFF, 0x17, 0x00, 0x00, 0x00,
    0x00, 0x16, 0x01, 0x00, 0x00, 0xE4, 0x0F, 0x00, 0x12, 0x78, 0x14, 0x0B,
    0xFF, 0x00, 0x00, 0x00, 0xFF, 0xC0, 0x8E, 0x07, 0x00, 0xE4, 0x0F, 0x00,
    0x12, 0x78, 0x11, 0x09, 0xFF, 0x00, 0x00, 0x00, 0xFF, 0xC0, 0x8E, 0x07,
    0x00, 0xC4, 0x0F, 0x00, 0x10, 0x78, 0x0F, 0x14, 0xFF, 0xFF, 0xFF, 0xFF,
    0xFF, 0xE0, 0xFF, 0x07, 0x00, 0xE4, 0x0F, 0x00, 0x10, 0x78, 0x0B, 0x11,
    0xFF, 0xFF, 0xFF, 0xFF, 0xFF, 0xE0, 0xFF, 0x07, 0x00, 0xE4, 0x0F, 0x00,
    0x0C, 0x78, 0x00, 0x0F, 0xFD, 0x00, 0x00, 0x00, 0x70, 0x40, 0xF0, 0x03,
    0x00, 0xC8, 0x0F, 0x00, 0x0C, 0x78, 0x00, 0x0B, 0xFD, 0x00, 0x00, 0x00,
    0x70, 0x44, 0x70, 0x00, 0x00, 0xDA, 0x0F, 0x00, 0x24, 0x82, 0x09, 0xFF,
    0xFF, 0x00, 0x00, 0x00, 0xFF, 0x00, 0x8E, 0x07, 0x00, 0xE2, 0x0F, 0x00,
    0x47, 0x89, 0x00, 0x00, 0x70, 0x01, 0x00, 0x00, 0x00, 0x00, 0x80, 0x03,
    0x00, 0xEA, 0x0F, 0x00, 0x0B, 0x78, 0x00, 0x00, 0x00, 0x00, 0x80, 0x7F,
    0x00, 0xC2, 0xF1, 0x03, 0x00, 0xE4, 0x0F, 0x00, 0x0B, 0x78, 0x00, 0x03,
    0x00, 0x00, 0x80, 0x7F, 0x00, 0xC2, 0xF3, 0x03, 0x00, 0xC8, 0x0F, 0x00,
    0x1C, 0x78, 0x00, 0x00, 0x00, 0x00, 0x00, 0x00, 0x70, 0x35, 0x70, 0x00,
    0x00, 0xDA, 0x0F, 0x00, 0x47, 0x09, 0x00, 0x00, 0x30, 0x05, 0x00, 0x00,
    0x00, 0x00, 0x80, 0x03, 0x00, 0xEA, 0x0F, 0x00, 0x12, 0x78, 0xFF, 0x03,
    0xFF, 0xFF, 0xFF, 0x7F, 0x00, 0xC8, 0x80, 0x07, 0x00, 0xDA, 0x0F, 0x00,
    0x47, 0x89, 0x00, 0x00, 0xF0, 0x04, 0x00, 0x00, 0x00, 0x00, 0x80, 0x03,
    0x00, 0xEA, 0x0F, 0x00, 0x0B, 0x78, 0x00, 0x00, 0x00, 0x00, 0x80, 0x7F,
    0x00, 0xD2, 0xF5, 0x03, 0x00, 0xE4, 0x0F, 0x04, 0x0B, 0x78, 0x00, 0x03,
    0x00, 0x00, 0x80, 0x7F, 0x00, 0xD2, 0xF3, 0x03, 0x00, 0xE4, 0x0F, 0x00,
    0x0B, 0x78, 0x00, 0x00, 0x00, 0x00, 0x80, 0x7F, 0x00, 0xD2, 0xF1, 0x03,
    0x00, 0xD6, 0x0F, 0x00, 0x47, 0x99, 0x00, 0x00, 0xB0, 0x04, 0x00, 0x00,
    0x00, 0x00, 0x00, 0x05, 0x00, 0xEA, 0x0F, 0x00, 0x12, 0x78, 0xFF, 0x00,
    0xFF, 0xFF, 0xFF, 0x7F, 0xFF, 0xC0, 0x84, 0x07, 0x00, 0xC8, 0x0F, 0x00,
    0x1C, 0x78, 0x00, 0x00, 0x00, 0x00, 0x00, 0x00, 0x72, 0x45, 0xF2, 0x00,
    0x00, 0xDA, 0x0F, 0x00, 0x47, 0x19, 0x00, 0x00, 0x60, 0x04, 0x00, 0x00,
    0x00, 0x00, 0x80, 0x03, 0x00, 0xEA, 0x0F, 0x00, 0x12, 0x78, 0xFF, 0x03,
    0xFF, 0xFF, 0xFF, 0x7F, 0xFF, 0xC0, 0x82, 0x07, 0x00, 0xC8, 0x0F, 0x00,
    0x1C, 0x78, 0x00, 0x00, 0x00, 0x00, 0x00, 0x00, 0x72, 0x25, 0x70, 0x00,
    0x00, 0xDA, 0x0F, 0x00, 0x47, 0x09, 0x00, 0x00, 0x00, 0x04, 0x00, 0x00,
    0x00, 0x00, 0x80, 0x03, 0x00, 0xEA, 0x0F, 0x00, 0x0C, 0x72, 0x00, 0x0B,
    0xFF, 0x00, 0x00, 0x00, 0x70, 0x62, 0xF0, 0x03, 0x00, 0xE4, 0x0F, 0x00,
    0x0C, 0x72, 0x00, 0x0F, 0xFF, 0x00, 0x00, 0x00, 0x70, 0x62, 0xF2, 0x03,
    0x00, 0xD6, 0x0F, 0x00, 0x24, 0x02, 0x09, 0xFF, 0xFF, 0x00, 0x00, 0x00,
    0xFF, 0x00, 0x8E, 0x07, 0x00, 0xE2, 0x0F, 0x00, 0x23, 0x88, 0x00, 0x00,
    0x00, 0x00, 0x80, 0x5F, 0xFF, 0x00, 0x00, 0x00, 0x00, 0xE2, 0x0F, 0x00,
    0x24, 0x84, 0x09, 0xFF, 0xC0, 0xFF, 0xFF, 0xFF, 0xFF, 0x00, 0x8E, 0x07,
    0x00, 0xE2, 0x0F, 0x00, 0x23, 0x98, 0x03, 0x03, 0x00, 0x00, 0x80, 0x5F,
    0xFF, 0x00, 0x00, 0x00, 0x00, 0xC8, 0x0F, 0x00, 0x10, 0x98, 0x09, 0x09,
    0x40, 0x00, 0x00, 0x00, 0xFF, 0xE0, 0xFF, 0x07, 0x00, 0xE4, 0x0F, 0x00,
    0x11, 0x78, 0x10, 0x14, 0x00, 0x00, 0x80, 0xC0, 0xFF, 0xB8, 0x8E, 0x07,
    0x00, 0xE2, 0x0F, 0x00, 0x45, 0x79, 0x02, 0x00, 0x60, 0x03, 0x00, 0x00,
    0x00, 0x00, 0x80, 0x03, 0x00, 0xE8, 0x0F, 0x00, 0x24, 0x78, 0x10, 0x03,
    0x01, 0x00, 0x00, 0x00, 0x10, 0x0A, 0x8E, 0x07, 0x00, 0xE2, 0x0F, 0x00,
    0x10, 0x78, 0x03, 0x11, 0x81, 0xFF, 0xFF, 0xFF, 0xFF, 0xE0, 0xFF, 0x07,
    0x00, 0xC6, 0x0F, 0x00, 0x08, 0x73, 0x0B, 0x00, 0x10, 0x00, 0x00, 0x00,
    0x00, 0x10, 0x00, 0x00, 0x00, 0x62, 0x00, 0x00, 0x21, 0x72, 0x0F, 0x10,
    0xFF, 0x00, 0x00, 0x80, 0x00, 0x01, 0x01, 0x00, 0x00, 0xE2, 0x0F, 0x00,
    0x24, 0x78, 0x00, 0x03, 0x00, 0x00, 0x80, 0xFF, 0x00, 0x02, 0x8E, 0x07,
    0x00, 0xE2, 0x0F, 0x04, 0x10, 0x78, 0x10, 0x03, 0x7F, 0x00, 0x00, 0x00,
    0x14, 0xE8, 0xFF, 0x07, 0x00, 0xCA, 0x1F, 0x00, 0x24, 0x78, 0x10, 0x10,
    0x01, 0x00, 0x00, 0x00, 0x09, 0x02, 0x8E, 0x07, 0x00, 0xE2, 0x0F, 0x00,
    0x23, 0x74, 0x12, 0x0B, 0x00, 0x00, 0x80, 0x3F, 0x0F, 0x00, 0x00, 0x00,
    0x00, 0xC8, 0x2F, 0x00, 0x23, 0x72, 0x16, 0x0B, 0x12, 0x00, 0x00, 0x00,
    0x0B, 0x00, 0x00, 0x00, 0x00, 0xC8, 0x0F, 0x00, 0x23, 0x72, 0x0B, 0x00,
    0x16, 0x00, 0x00, 0x00, 0xFF, 0x00, 0x00, 0x00, 0x00, 0xC8, 0x0F, 0x00,
    0x23, 0x72, 0x12, 0x0F, 0x0B, 0x00, 0x00, 0x00, 0x00, 0x00, 0x00, 0x00,
    0x00, 0xC8, 0x0F, 0x00, 0x23, 0x72, 0x0B, 0x16, 0x12, 0x00, 0x00, 0x00,
    0x0B, 0x00, 0x00, 0x00, 0x00, 0xC8, 0x0F, 0x00, 0x23, 0x72, 0x12, 0x0F,
    0x0B, 0x00, 0x00, 0x00, 0x00, 0x00, 0x00, 0x00, 0x00, 0xC8, 0x0F, 0x00,
    0x23, 0x72, 0x00, 0x16, 0x12, 0x00, 0x00, 0x00, 0x0B, 0x00, 0x00, 0x00,
    0x00, 0xCA, 0x0F, 0x00, 0x19, 0x78, 0x03, 0xFF, 0x17, 0x00, 0x00, 0x00,
    0x00, 0x16, 0x01, 0x00, 0x00, 0xC8, 0x0F, 0x00, 0x12, 0x78, 0x03, 0x03,
    0xFF, 0x00, 0x00, 0x00, 0xFF, 0xC0, 0x8E, 0x07, 0x00, 0xCA, 0x0F, 0x00,
    0x24, 0x78, 0x0F, 0x03, 0x01, 0x00, 0x00, 0x00, 0x10, 0x02, 0x8E, 0x07,
    0x00, 0xCA, 0x0F, 0x00, 0x10, 0x78, 0x03, 0x0F, 0xFF, 0xFF, 0xFF, 0xFF,
    0xFF, 0xE0, 0xFF, 0x07, 0x00, 0xC8, 0x0F, 0x00, 0x0C, 0x78, 0x00, 0x03,
    0xFE, 0x00, 0x00, 0x00, 0x70, 0x60, 0xF0, 0x03, 0x00, 0xDA, 0x0F, 0x00,
    0x47, 0x89, 0x00, 0x00, 0x00, 0x02, 0x00, 0x00, 0x00, 0x00, 0x80, 0x03,
    0x00, 0xEA, 0x0F, 0x00, 0x0C, 0x78, 0x00, 0x0F, 0xFE, 0x00, 0x00, 0x00,
    0x70, 0x42, 0xF0, 0x03, 0x00, 0xDA, 0x0F, 0x00, 0x47, 0x09, 0x00, 0x00,
    0xB0, 0x01, 0x00, 0x00, 0x00, 0x00, 0x80, 0x03, 0x00, 0xEA, 0x0F, 0x00,
    0x0C, 0x78, 0x00, 0x0F, 0x01, 0x00, 0x00, 0x00, 0x70, 0x62, 0xF0, 0x03,
    0x00, 0xDA, 0x0F, 0x00, 0x47, 0x09, 0x00, 0x00, 0xD0, 0x01, 0x00, 0x00,
    0x00, 0x00, 0x80, 0x03, 0x00, 0xEA, 0x0F, 0x00, 0x0C, 0x78, 0x00, 0x0F,
    0xE8, 0xFF, 0xFF, 0xFF, 0x70, 0x62, 0xF0, 0x03, 0x00, 0xE4, 0x0F, 0x00,
    0x12, 0x78, 0x00, 0x00, 0x00, 0x00, 0x00, 0x80, 0xFF, 0xC0, 0x8E, 0x07,
    0x00, 0xD6, 0x0F, 0x00, 0x47, 0x89, 0x00, 0x00, 0xA0, 0x01, 0x00, 0x00,
    0x00, 0x00, 0x80, 0x03, 0x00, 0xEA, 0x0F, 0x00, 0x23, 0x72, 0x03, 0x16,
    0x12, 0x00, 0x00, 0x00, 0x0B, 0xC0, 0x00, 0x00, 0x00, 0xE2, 0x0F, 0x1C,
    0x23, 0x72, 0x10, 0x16, 0x12, 0x00, 0x00, 0x00, 0x0B, 0x40, 0x00, 0x00,
    0x00, 0xE2, 0x0F, 0x1C, 0x0C, 0x72, 0x00, 0x0F, 0xFF, 0x00, 0x00, 0x00,
    0x70, 0x52, 0xF4, 0x03, 0x00, 0xE4, 0x0F, 0x04, 0x0C, 0x72, 0x00, 0x0F,
    0xFF, 0x00, 0x00, 0x00, 0x70, 0x52, 0xF2, 0x03, 0x00, 0xE4, 0x0F, 0x00,
    0x12, 0x78, 0x09, 0x03, 0xFF, 0xFF, 0x7F, 0x00, 0xFF, 0xC0, 0x8E, 0x07,
    0x00, 0xE2, 0x0F, 0x00, 0x23, 0x72, 0x03, 0x16, 0x12, 0x00, 0x00, 0x00,
    0x0B, 0x80, 0x00, 0x00, 0x00, 0xE2, 0x0F, 0x00, 0x10, 0x78, 0x12, 0x0F,
    0x20, 0x00, 0x00, 0x00, 0xFF, 0xE0, 0xFF, 0x07, 0x00, 0xE2, 0x0F, 0x00,
    0x24, 0x72, 0x0B, 0xFF, 0xFF, 0x00, 0x00, 0x00, 0x0F, 0x0A, 0x8E, 0x07,
    0x00, 0xE2, 0x0F, 0x00, 0x12, 0x78, 0x09, 0x09, 0x00, 0x00, 0x80, 0x00,
    0xFF, 0xFC, 0x8E, 0x07, 0x00, 0xC4, 0x0F, 0x00, 0x0B, 0x72, 0x00, 0x03,
    0x10, 0x00, 0x00, 0x00, 0x00, 0xD0, 0xF1, 0x03, 0x00, 0xE4, 0x0F, 0x00,
    0x19, 0x72, 0x12, 0x09, 0x12, 0x00, 0x00, 0x00, 0xFF, 0x06, 0x00, 0x00,
    0x00, 0xE4, 0x0F, 0x00, 0x07, 0x72, 0x10, 0x0B, 0xFF, 0x00, 0x00, 0x00,
    0x00, 0x00, 0x00, 0x01, 0x00, 0xE4, 0x0F, 0x00, 0x0C, 0x72, 0x00, 0x12,
    0xFF, 0x00, 0x00, 0x00, 0x70, 0x52, 0xF2, 0x00, 0x00, 0xE4, 0x0F, 0x00,
    0x19, 0x72, 0x10, 0xFF, 0x10, 0x00, 0x00, 0x00, 0x09, 0x16, 0x01, 0x00,
    0x00, 0xE4, 0x0F, 0x00, 0x1C, 0x78, 0x00, 0x00, 0x00, 0x00, 0x00, 0x00,
    0x70, 0x35, 0x70, 0x00, 0x00, 0xC4, 0x0F, 0x00, 0x19, 0x78, 0x12, 0xFF,
    0x01, 0x00, 0x00, 0x00, 0x10, 0x16, 0x01, 0x00, 0x00, 0xE4, 0x0F, 0x00,
    0x07, 0x78, 0x03, 0xFF, 0x01, 0x00, 0x00, 0x00, 0x00, 0x00, 0x00, 0x04,
    0x00, 0xC8, 0x0F, 0x00, 0x12, 0x78, 0x03, 0x03, 0x01, 0x00, 0x00, 0x00,
    0x12, 0xF8, 0x8E, 0x07, 0x00, 0xC8, 0x0F, 0x00, 0x12, 0x72, 0x03, 0x03,
    0x10, 0x00, 0x00, 0x00, 0xFF, 0xC0, 0x8E, 0x07, 0x00, 0xCA, 0x0F, 0x00,
    0x24, 0x78, 0x03, 0x12, 0x01, 0x00, 0x00, 0x00, 0x03, 0x02, 0x8E, 0x07,
    0x00, 0xCA, 0x0F, 0x00, 0x12, 0x72, 0x00, 0x03, 0x00, 0x00, 0x00, 0x00,
    0xFF, 0xFC, 0x8E, 0x07, 0x00, 0xE2, 0x0F, 0x00, 0x47, 0x79, 0x00, 0x00,
    0x40, 0x00, 0x00, 0x00, 0x00, 0x00, 0x80, 0x03, 0x00, 0xEA, 0x0F, 0x00,
    0x12, 0x78, 0x00, 0x00, 0x00, 0x00, 0x00, 0x80, 0xFF, 0xC0, 0x8E, 0x07,
    0x00, 0xC8, 0x0F, 0x00, 0x12, 0x78, 0x00, 0x00, 0x00, 0x00, 0x80, 0x7F,
    0xFF, 0xFC, 0x8E, 0x07, 0x00, 0xE2, 0x0F, 0x00, 0x47, 0x79, 0x00, 0x00,
    0x10, 0x00, 0x00, 0x00, 0x00, 0x00, 0x80, 0x03, 0x00, 0xEA, 0x0F, 0x00,
    0x24, 0x78, 0x00, 0x10, 0x00, 0x00, 0x80, 0x00, 0x00, 0x02, 0x8E, 0x07,
    0x00, 0xE4, 0x0F, 0x00, 0x41, 0x79, 0x02, 0x00, 0x00, 0x00, 0x00, 0x00,
    0x00, 0x00, 0x80, 0x03, 0x00, 0xEA, 0x0F, 0x00, 0x47, 0x79, 0x00, 0x00,
    0x80, 0x00, 0x00, 0x00, 0x00, 0x00, 0x80, 0x03, 0x00, 0xEA, 0x0F, 0x00,
    0x12, 0x78, 0x00, 0x03, 0x00, 0x00, 0x00, 0x80, 0x00, 0x48, 0x8E, 0x07,
    0x00, 0xC8, 0x0F, 0x00, 0x12, 0x78, 0x00, 0x00, 0x00, 0x00, 0x80, 0x7F,
    0xFF, 0xFC, 0x8E, 0x07, 0x00, 0xE2, 0x0F, 0x00, 0x47, 0x79, 0x00, 0x00,
    0x50, 0x00, 0x00, 0x00, 0x00, 0x00, 0x80, 0x03, 0x00, 0xEA, 0x0F, 0x00,
    0x12, 0x78, 0x00, 0x03, 0x00, 0x00, 0x00, 0x80, 0x00, 0x48, 0x8E, 0x07,
    0x00, 0xE2, 0x0F, 0x00, 0x47, 0x79, 0x00, 0x00, 0x30, 0x00, 0x00, 0x00,
    0x00, 0x00, 0x80, 0x03, 0x00, 0xEA, 0x0F, 0x00, 0x08, 0x79, 0x00, 0x00,
    0x00, 0x00, 0xC0, 0xFF, 0x00, 0x14, 0x00, 0x00, 0x00, 0x22, 0x0E, 0x00,
    0x47, 0x79, 0x00, 0x00, 0x10, 0x00, 0x00, 0x00, 0x00, 0x00, 0x80, 0x03,
    0x00, 0xEA, 0x0F, 0x00, 0x21, 0x72, 0x00, 0x00, 0x03, 0x00, 0x00, 0x00,
    0x00, 0x00, 0x01, 0x00, 0x00, 0xE4, 0x0F, 0x00, 0x41, 0x79, 0x01, 0x00,
    0x00, 0x00, 0x00, 0x00, 0x00, 0x00, 0x80, 0x03, 0x00, 0xEA, 0x0F, 0x00,
    0x24, 0x74, 0x0B, 0xFF, 0x00, 0x00, 0x00, 0x00, 0xFF, 0x00, 0x8E, 0x07,
    0x00, 0xC8, 0x0F, 0x00, 0x50, 0x79, 0x00, 0x0A, 0x90, 0xED, 0xFF, 0xFF,
    0xFF, 0xFF, 0xC3, 0x03, 0x00, 0xEA, 0x0F, 0x00, 0x47, 0x79, 0x00, 0x00,
    0xF0, 0xFF, 0xFF, 0xFF, 0xFF, 0xFF, 0x83, 0x03, 0x00, 0xC0, 0x0F, 0x00,
    0x18, 0x79, 0x00, 0x00, 0x00, 0x00, 0x00, 0x00, 0x00, 0x00, 0x00, 0x00,
    0x00, 0xC0, 0x0F, 0x00, 0x18, 0x79, 0x00, 0x00, 0x00, 0x00, 0x00, 0x00,
    0x00, 0x00, 0x00, 0x00, 0x00, 0xC0, 0x0F, 0x00, 0x18, 0x79, 0x00, 0x00,
    0x00, 0x00, 0x00, 0x00, 0x00, 0x00, 0x00, 0x00, 0x00, 0xC0, 0x0F, 0x00,
    0x18, 0x79, 0x00, 0x00, 0x00, 0x00, 0x00, 0x00, 0x00, 0x00, 0x00, 0x00,
    0x00, 0xC0, 0x0F, 0x00, 0x18, 0x79, 0x00, 0x00, 0x00, 0x00, 0x00, 0x00,
    0x00, 0x00, 0x00, 0x00, 0x00, 0xC0, 0x0F, 0x00, 0x18, 0x79, 0x00, 0x00,
    0x00, 0x00, 0x00, 0x00, 0x00, 0x00, 0x00, 0x00, 0x00, 0xC0, 0x0F, 0x00,
    0x18, 0x79, 0x00, 0x00, 0x00, 0x00, 0x00, 0x00, 0x00, 0x00, 0x00, 0x00,
    0x00, 0xC0, 0x0F, 0x00, 0x18, 0x79, 0x00, 0x00, 0x00, 0x00, 0x00, 0x00,
    0x00, 0x00, 0x00, 0x00, 0x00, 0xC0, 0x0F, 0x00, 0x00, 0x00, 0x00, 0x00,
    0x00, 0x00, 0x00, 0x00, 0x00, 0x00, 0x00, 0x00, 0x00, 0x00, 0x00, 0x00,
    0x00, 0x00, 0x00, 0x00, 0x00, 0x00, 0x00, 0x00, 0x00, 0x00, 0x00, 0x00,
    0x00, 0x00, 0x00, 0x00, 0x00, 0x00, 0x00, 0x00, 0x00, 0x00, 0x00, 0x00,
    0x00, 0x00, 0x00, 0x00, 0x00, 0x00, 0x00, 0x00, 0x00, 0x00, 0x00, 0x00,
    0x00, 0x00, 0x00, 0x00, 0x00, 0x00, 0x00, 0x00, 0x00, 0x00, 0x00, 0x00,
    0x01, 0x00, 0x00, 0x00, 0x03, 0x00, 0x00, 0x00, 0x00, 0x00, 0x00, 0x00,
    0x00, 0x00, 0x00, 0x00, 0x00, 0x00, 0x00, 0x00, 0x00, 0x00, 0x00, 0x00,
    0x40, 0x00, 0x00, 0x00, 0x00, 0x00, 0x00, 0x00, 0xCB, 0x02, 0x00, 0x00,
    0x00, 0x00, 0x00, 0x00, 0x00, 0x00, 0x00, 0x00, 0x00, 0x00, 0x00, 0x00,
    0x01, 0x00, 0x00, 0x00, 0x00, 0x00, 0x00, 0x00, 0x00, 0x00, 0x00, 0x00,
    0x00, 0x00, 0x00, 0x00, 0x0B, 0x00, 0x00, 0x00, 0x03, 0x00, 0x00, 0x00,
    0x00, 0x00, 0x00, 0x00, 0x00, 0x00, 0x00, 0x00, 0x00, 0x00, 0x00, 0x00,
    0x00, 0x00, 0x00, 0x00, 0x0B, 0x03, 0x00, 0x00, 0x00, 0x00, 0x00, 0x00,
    0x73, 0x03, 0x00, 0x00, 0x00, 0x00, 0x00, 0x00, 0x00, 0x00, 0x00, 0x00,
    0x00, 0x00, 0x00, 0x00, 0x01, 0x00, 0x00, 0x00, 0x00, 0x00, 0x00, 0x00,
    0x00, 0x00, 0x00, 0x00, 0x00, 0x00, 0x00, 0x00, 0x13, 0x00, 0x00, 0x00,
    0x02, 0x00, 0x00, 0x00, 0x00, 0x00, 0x00, 0x00, 0x00, 0x00, 0x00, 0x00,
    0x00, 0x00, 0x00, 0x00, 0x00, 0x00, 0x00, 0x00, 0x80, 0x06, 0x00, 0x00,
    0x00, 0x00, 0x00, 0x00, 0xE0, 0x01, 0x00, 0x00, 0x00, 0x00, 0x00, 0x00,
    0x02, 0x00, 0x00, 0x00, 0x10, 0x00, 0x00, 0x00, 0x08, 0x00, 0x00, 0x00,
    0x00, 0x00, 0x00, 0x00, 0x18, 0x00, 0x00, 0x00, 0x00, 0x00, 0x00, 0x00,
    0x70, 0x02, 0x00, 0x00, 0x01, 0x00, 0x00, 0x00, 0x00, 0x00, 0x00, 0x00,
    0x00, 0x00, 0x00, 0x00, 0x00, 0x00, 0x00, 0x00, 0x00, 0x00, 0x00, 0x00,
    0x60, 0x08, 0x00, 0x00, 0x00, 0x00, 0x00, 0x00, 0xB0, 0x02, 0x00, 0x00,
    0x00, 0x00, 0x00, 0x00, 0x00, 0x00, 0x00, 0x00, 0x00, 0x00, 0x00, 0x00,
    0x01, 0x00, 0x00, 0x00, 0x00, 0x00, 0x00, 0x00, 0x00, 0x00, 0x00, 0x00,
    0x00, 0x00, 0x00, 0x00, 0x29, 0x00, 0x00, 0x00, 0x07, 0x00, 0x00, 0x00,
    0x00, 0x00, 0x00, 0x02, 0x00, 0x00, 0x00, 0x00, 0x00, 0x00, 0x00, 0x00,
    0x00, 0x00, 0x00, 0x00, 0x10, 0x0B, 0x00, 0x00, 0x00, 0x00, 0x00, 0x00,
    0xA4, 0x00, 0x00, 0x00, 0x00, 0x00, 0x00, 0x00, 0x00, 0x00, 0x00, 0x00,
    0x00, 0x00, 0x00, 0x00, 0x04, 0x00, 0x00, 0x00, 0x00, 0x00, 0x00, 0x00,
    0x00, 0x00, 0x00, 0x00, 0x00, 0x00, 0x00, 0x00, 0x39, 0x00, 0x00, 0x00,
    0x07, 0x00, 0x00, 0x00, 0x00, 0x00, 0x00, 0x01, 0x00, 0x00, 0x00, 0x00,
    0x00, 0x00, 0x00, 0x00, 0x00, 0x00, 0x00, 0x00, 0xB4, 0x0B, 0x00, 0x00,
    0x00, 0x00, 0x00, 0x00, 0x20, 0x00, 0x00, 0x00, 0x00, 0x00, 0x00, 0x00,
    0x05, 0x00, 0x00, 0x00, 0x00, 0x00, 0x00, 0x00, 0x04, 0x00, 0x00, 0x00,
    0x00, 0x00, 0x00, 0x00, 0x00, 0x00, 0x00, 0x00, 0x00, 0x00, 0x00, 0x00,
    0x49, 0x00, 0x00, 0x00, 0x00, 0x00, 0x00, 0x70, 0x00, 0x00, 0x00, 0x00,
    0x00, 0x00, 0x00, 0x00, 0x00, 0x00, 0x00, 0x00, 0x00, 0x00, 0x00, 0x00,
    0xD4, 0x0B, 0x00, 0x00, 0x00, 0x00, 0x00, 0x00, 0xA8, 0x00, 0x00, 0x00,
    0x00, 0x00, 0x00, 0x00, 0x03, 0x00, 0x00, 0x00, 0x00, 0x00, 0x00, 0x00,
    0x04, 0x00, 0x00, 0x00, 0x00, 0x00, 0x00, 0x00, 0x00, 0x00, 0x00, 0x00,
    0x00, 0x00, 0x00, 0x00, 0x67, 0x00, 0x00, 0x00, 0x00, 0x00, 0x00, 0x70,
    0x40, 0x00, 0x00, 0x00, 0x00, 0x00, 0x00, 0x00, 0x00, 0x00, 0x00, 0x00,
    0x00, 0x00, 0x00, 0x00, 0x7C, 0x0C, 0x00, 0x00, 0x00, 0x00, 0x00, 0x00,
    0x68, 0x00, 0x00, 0x00, 0x00, 0x00, 0x00, 0x00, 0x03, 0x00, 0x00, 0x00,
    0x13, 0x00, 0x00, 0x00, 0x04, 0x00, 0x00, 0x00, 0x00, 0x00, 0x00, 0x00,
    0x00, 0x00, 0x00, 0x00, 0x00, 0x00, 0x00, 0x00, 0xEB, 0x00, 0x00, 0x00,
    0x00, 0x00, 0x00, 0x70, 0x40, 0x00, 0x00, 0x00, 0x00, 0x00, 0x00, 0x00,
    0x00, 0x00, 0x00, 0x00, 0x00, 0x00, 0x00, 0x00, 0xE4, 0x0C, 0x00, 0x00,
    0x00, 0x00, 0x00, 0x00, 0xB8, 0x00, 0x00, 0x00, 0x00, 0x00, 0x00, 0x00,
    0x03, 0x00, 0x00, 0x00, 0x14, 0x00, 0x00, 0x00, 0x04, 0x00, 0x00, 0x00,
    0x00, 0x00, 0x00, 0x00, 0x00, 0x00, 0x00, 0x00, 0x00, 0x00, 0x00, 0x00,
    0x6E, 0x01, 0x00, 0x00, 0x00, 0x00, 0x00, 0x70, 0x40, 0x00, 0x00, 0x00,
    0x00, 0x00, 0x00, 0x00, 0x00, 0x00, 0x00, 0x00, 0x00, 0x00, 0x00, 0x00,
    0x9C, 0x0D, 0x00, 0x00, 0x00, 0x00, 0x00, 0x00, 0xA0, 0x00, 0x00, 0x00,
    0x00, 0x00, 0x00, 0x00, 0x03, 0x00, 0x00, 0x00, 0x15, 0x00, 0x00, 0x00,
    0x04, 0x00, 0x00, 0x00, 0x00, 0x00, 0x00, 0x00, 0x00, 0x00, 0x00, 0x00,
    0x00, 0x00, 0x00, 0x00, 0xFC, 0x01, 0x00, 0x00, 0x00, 0x00, 0x00, 0x70,
    0x40, 0x00, 0x00, 0x00, 0x00, 0x00, 0x00, 0x00, 0x00, 0x00, 0x00, 0x00,
    0x00, 0x00, 0x00, 0x00, 0x3C, 0x0E, 0x00, 0x00, 0x00, 0x00, 0x00, 0x00,
    0xB4, 0x00, 0x00, 0x00, 0x00, 0x00, 0x00, 0x00, 0x03, 0x00, 0x00, 0x00,
    0x16, 0x00, 0x00, 0x00, 0x04, 0x00, 0x00, 0x00, 0x00, 0x00, 0x00, 0x00,
    0x00, 0x00, 0x00, 0x00, 0x00, 0x00, 0x00, 0x00, 0xA0, 0x02, 0x00, 0x00,
    0x01, 0x00, 0x00, 0x70, 0x00, 0x00, 0x00, 0x00, 0x00, 0x00, 0x00, 0x00,
    0x00, 0x00, 0x00, 0x00, 0x00, 0x00, 0x00, 0x00, 0xF0, 0x0E, 0x00, 0x00,
    0x00, 0x00, 0x00, 0x00, 0x20, 0x00, 0x00, 0x00, 0x00, 0x00, 0x00, 0x00,
    0x03, 0x00, 0x00, 0x00, 0x00, 0x00, 0x00, 0x00, 0x04, 0x00, 0x00, 0x00,
    0x00, 0x00, 0x00, 0x00, 0x08, 0x00, 0x00, 0x00, 0x00, 0x00, 0x00, 0x00,
    0xBC, 0x02, 0x00, 0x00, 0x0B, 0x00, 0x00, 0x70, 0x00, 0x00, 0x00, 0x00,
    0x00, 0x00, 0x00, 0x00, 0x00, 0x00, 0x00, 0x00, 0x00, 0x00, 0x00, 0x00,
    0x10, 0x0F, 0x00, 0x00, 0x00, 0x00, 0x00, 0x00, 0x10, 0x00, 0x00, 0x00,
    0x00, 0x00, 0x00, 0x00, 0x00, 0x00, 0x00, 0x00, 0x00, 0x00, 0x00, 0x00,
    0x08, 0x00, 0x00, 0x00, 0x00, 0x00, 0x00, 0x00, 0x08, 0x00, 0x00, 0x00,
    0x00, 0x00, 0x00, 0x00, 0x7D, 0x02, 0x00, 0x00, 0x09, 0x00, 0x00, 0x00,
    0x40, 0x00, 0x00, 0x00, 0x00, 0x00, 0x00, 0x00, 0x00, 0x00, 0x00, 0x00,
    0x00, 0x00, 0x00, 0x00, 0x20, 0x0F, 0x00, 0x00, 0x00, 0x00, 0x00, 0x00,
    0x80, 0x00, 0x00, 0x00, 0x00, 0x00, 0x00, 0x00, 0x03, 0x00, 0x00, 0x00,
    0x04, 0x00, 0x00, 0x00, 0x08, 0x00, 0x00, 0x00, 0x00, 0x00, 0x00, 0x00,
    0x10, 0x00, 0x00, 0x00, 0x00, 0x00, 0x00, 0x00, 0x99, 0x00, 0x00, 0x00,
    0x01, 0x00, 0x00, 0x00, 0x42, 0x00, 0x00, 0x00, 0x00, 0x00, 0x00, 0x00,
    0x00, 0x00, 0x00, 0x00, 0x00, 0x00, 0x00, 0x00, 0xA0, 0x0F, 0x00, 0x00,
    0x00, 0x00, 0x00, 0x00, 0x74, 0x01, 0x00, 0x00, 0x00, 0x00, 0x00, 0x00,
    0x00, 0x00, 0x00, 0x00, 0x13, 0x00, 0x00, 0x00, 0x04, 0x00, 0x00, 0x00,
    0x00, 0x00, 0x00, 0x00, 0x00, 0x00, 0x00, 0x00, 0x00, 0x00, 0x00, 0x00,
    0x1B, 0x01, 0x00, 0x00, 0x01, 0x00, 0x00, 0x00, 0x42, 0x00, 0x00, 0x00,
    0x00, 0x00, 0x00, 0x00, 0x00, 0x00, 0x00, 0x00, 0x00, 0x00, 0x00, 0x00,
    0x14, 0x11, 0x00, 0x00, 0x00, 0x00, 0x00, 0x00, 0x90, 0x01, 0x00, 0x00,
    0x00, 0x00, 0x00, 0x00, 0x00, 0x00, 0x00, 0x00, 0x14, 0x00, 0x00, 0x00,
    0x04, 0x00, 0x00, 0x00, 0x00, 0x00, 0x00, 0x00, 0x00, 0x00, 0x00, 0x00,
    0x00, 0x00, 0x00, 0x00, 0xA4, 0x01, 0x00, 0x00, 0x01, 0x00, 0x00, 0x00,
    0x42, 0x00, 0x00, 0x00, 0x00, 0x00, 0x00, 0x00, 0x00, 0x00, 0x00, 0x00,
    0x00, 0x00, 0x00, 0x00, 0xA4, 0x12, 0x00, 0x00, 0x00, 0x00, 0x00, 0x00,
    0x80, 0x01, 0x00, 0x00, 0x00, 0x00, 0x00, 0x00, 0x00, 0x00, 0x00, 0x00,
    0x15, 0x00, 0x00, 0x00, 0x04, 0x00, 0x00, 0x00, 0x00, 0x00, 0x00, 0x00,
    0x00, 0x00, 0x00, 0x00, 0x00, 0x00, 0x00, 0x00, 0x30, 0x02, 0x00, 0x00,
    0x01, 0x00, 0x00, 0x00, 0x42, 0x00, 0x00, 0x00, 0x00, 0x00, 0x00, 0x00,
    0x00, 0x00, 0x00, 0x00, 0x00, 0x00, 0x00, 0x00, 0x24, 0x14, 0x00, 0x00,
    0x00, 0x00, 0x00, 0x00, 0x88, 0x01, 0x00, 0x00, 0x00, 0x00, 0x00, 0x00,
    0x00, 0x00, 0x00, 0x00, 0x16, 0x00, 0x00, 0x00, 0x04, 0x00, 0x00, 0x00,
    0x00, 0x00, 0x00, 0x00, 0x00, 0x00, 0x00, 0x00, 0x00, 0x00, 0x00, 0x00,
    0x52, 0x00, 0x00, 0x00, 0x01, 0x00, 0x00, 0x00, 0x06, 0x00, 0x00, 0x00,
    0x00, 0x00, 0x00, 0x00, 0x00, 0x00, 0x00, 0x00, 0x00, 0x00, 0x00, 0x00,
    0x00, 0x16, 0x00, 0x00, 0x00, 0x00, 0x00, 0x00, 0x80, 0x01, 0x00, 0x00,
    0x00, 0x00, 0x00, 0x00, 0x03, 0x00, 0x00, 0x00, 0x10, 0x00, 0x00, 0x0A,
    0x80, 0x00, 0x00, 0x00, 0x00, 0x00, 0x00, 0x00, 0x00, 0x00, 0x00, 0x00,
    0x00, 0x00, 0x00, 0x00, 0xD7, 0x00, 0x00, 0x00, 0x01, 0x00, 0x00, 0x00,
    0x06, 0x00, 0x00, 0x00, 0x00, 0x00, 0x00, 0x00, 0x00, 0x00, 0x00, 0x00,
    0x00, 0x00, 0x00, 0x00, 0x80, 0x17, 0x00, 0x00, 0x00, 0x00, 0x00, 0x00,
    0x80, 0x04, 0x00, 0x00, 0x00, 0x00, 0x00, 0x00, 0x03, 0x00, 0x00, 0x00,
    0x11, 0x00, 0x00, 0x12, 0x80, 0x00, 0x00, 0x00, 0x00, 0x00, 0x00, 0x00,
    0x00, 0x00, 0x00, 0x00, 0x00, 0x00, 0x00, 0x00, 0x57, 0x01, 0x00, 0x00,
    0x01, 0x00, 0x00, 0x00, 0x06, 0x00, 0x00, 0x00, 0x00, 0x00, 0x00, 0x00,
    0x00, 0x00, 0x00, 0x00, 0x00, 0x00, 0x00, 0x00, 0x00, 0x1C, 0x00, 0x00,
    0x00, 0x00, 0x00, 0x00, 0x00, 0x14, 0x00, 0x00, 0x00, 0x00, 0x00, 0x00,
    0x03, 0x00, 0x00, 0x00, 0x12, 0x00, 0x00, 0x25, 0x80, 0x00, 0x00, 0x00,
    0x00, 0x00, 0x00, 0x00, 0x00, 0x00, 0x00, 0x00, 0x00, 0x00, 0x00, 0x00,
    0xE6, 0x01, 0x00, 0x00, 0x01, 0x00, 0x00, 0x00, 0x06, 0x00, 0x00, 0x00,
    0x00, 0x00, 0x00, 0x00, 0x00, 0x00, 0x00, 0x00, 0x00, 0x00, 0x00, 0x00,
    0x00, 0x30, 0x00, 0x00, 0x00, 0x00, 0x00, 0x00, 0x00, 0x13, 0x00, 0x00,
    0x00, 0x00, 0x00, 0x00, 0x03, 0x00, 0x00, 0x00, 0x13, 0x00, 0x00, 0x24,
    0x80, 0x00, 0x00, 0x00, 0x00, 0x00, 0x00, 0x00, 0x00, 0x00, 0x00, 0x00,
    0x00, 0x00, 0x00, 0x00, 0x06, 0x00, 0x00, 0x00, 0x05, 0x00, 0x00, 0x00,
    0xC0, 0x48, 0x00, 0x00, 0x00, 0x00, 0x00, 0x00, 0x00, 0x00, 0x00, 0x00,
    0x00, 0x00, 0x00, 0x00, 0x00, 0x00, 0x00, 0x00, 0x00, 0x00, 0x00, 0x00,
    0xA8, 0x00, 0x00, 0x00, 0x00, 0x00, 0x00, 0x00, 0xA8, 0x00, 0x00, 0x00,
    0x00, 0x00, 0x00, 0x00, 0x08, 0x00, 0x00, 0x00, 0x00, 0x00, 0x00, 0x00,
    0x01, 0x00, 0x00, 0x00, 0x05, 0x00, 0x00, 0x00, 0xA0, 0x0F, 0x00, 0x00,
    0x00, 0x00, 0x00, 0x00, 0x00, 0x00, 0x00, 0x00, 0x00, 0x00, 0x00, 0x00,
    0x00, 0x00, 0x00, 0x00, 0x00, 0x00, 0x00, 0x00, 0x60, 0x33, 0x00, 0x00,
    0x00, 0x00, 0x00, 0x00, 0x60, 0x33, 0x00, 0x00, 0x00, 0x00, 0x00, 0x00,
    0x08, 0x00, 0x00, 0x00, 0x00, 0x00, 0x00, 0x00, 0x01, 0x00, 0x00, 0x00,
    0x05, 0x00, 0x00, 0x00, 0xC0, 0x48, 0x00, 0x00, 0x00, 0x00, 0x00, 0x00,
    0x00, 0x00, 0x00, 0x00, 0x00, 0x00, 0x00, 0x00, 0x00, 0x00, 0x00, 0x00,
    0x00, 0x00, 0x00, 0x00, 0xA8, 0x00, 0x00, 0x00, 0x00, 0x00, 0x00, 0x00,
    0xA8, 0x00, 0x00, 0x00, 0x00, 0x00, 0x00, 0x00, 0x08, 0x00, 0x00, 0x00,
    0x00, 0x00, 0x00, 0x00,
};
